AirWayBill;Carrier Prefix;Flight No.;Airport of Departure (code);Final Destination (code);Picked Up / Received (Date);ETD;ETA;Docs released / Delivered (Date)
TSN033177;LX;082/21;TSN;GRU;2018-08-17 09:00;2018-08-17 16:00:00.0;2018-08-22 05:00:00.0;2018-08-22 05:35
AMS807650;MP;8340/23;AMS;JNB;;2018-08-23 22:45:00.0;2018-08-24 10:45:00.0;
PVG078345;LH;504/20;PVG;GRU;2018-08-18 23:00;2018-08-19 05:00:00.0;2018-08-21 05:55:00.0;
SZV013191;LH;8401/23;PVG;WAW;;2018-08-25 02:46:00.0;2018-09-01 14:10:00.0;
SZV013192;LH;8411/21;PVG;FRA;;2018-08-21 09:35:00.0;2018-08-22 00:00:00.0;
SZV013209;CA;1075/22;PVG;LRD;2018-08-18 14:57;2018-08-22 15:00:00.0;2018-08-22 15:05:00.0;2018-08-23 19:03
PVG899317;RU;298/18;PVG;FRA;2018-08-16 10:32;2018-08-18 02:00:00.0;2018-08-18 19:00:00.0;2018-08-21 10:48
PVG900922;CA;1041/19;PVG;FRA;2018-08-18 23:00;2018-08-19 09:50:00.0;2018-08-19 15:35:00.0;2018-08-21 06:30
PVG902527;QR;773/20;PVG;GRU;2018-08-18 00:48;2018-08-19 21:00:00.0;2018-08-20 12:00:00.0;2018-08-20 17:11
HKG592466;GB;2229/23;HKG;SDQ;2018-08-17 22:34;2018-08-21 11:25:00.0;2018-08-23 07:00:00.0;
HKG592467;CV;7332/21;HKG;CDG;2018-08-18 09:29;2018-08-21 09:30:00.0;2018-08-24 11:45:00.0;
HKG592918;CX;3286/22;HKG;DFW;2018-08-17 16:00;2018-08-22 01:20:00.0;2018-08-21 09:20:00.0;2018-08-23 17:43
SZX133352;M3;8421/22;SZX;MAO;;2018-08-19 11:00:00.0;2018-08-22 21:45:00.0;2018-08-23 04:45
TAO840546;RU;756/20;TAO;BRU;;2018-08-17 20:00:00.0;2018-08-23 18:00:00.0;
TAO840550;LH;8397/20;TAO;STR;;2018-08-17 20:00:00.0;2018-08-22 00:00:00.0;
TAO840553;RU;8529/19;TAO;DUS;;2018-08-17 20:00:00.0;2018-08-23 08:00:00.0;
TAO840604;5Y;055/26;TAO;VCP;2018-08-17 10:00;2018-08-17 20:00:00.0;2018-08-26 18:00:00.0;
TAO840647;LH;8397/20;TAO;LUX;2018-08-17 00:00;2018-08-17 20:00:00.0;2018-08-23 02:00:00.0;
SZV013324;7L;231/22;PVG;BUD;;2018-08-22 03:30:00.0;2018-08-22 13:00:00.0;
PVG904849;7L;4371T/20;CGO;WRO;2018-08-16 18:00;2018-08-18 23:00:00.0;2018-08-25 12:00:00.0;2018-08-24 10:00
PVG906453;RU;298/19;PVG;FRA;2018-08-17 16:02;2018-08-19 02:00:00.0;2018-08-19 19:00:00.0;2018-08-22 10:49
HKG595845;KA;378/18;HKG;OKA;2018-08-17 16:48;2018-08-18 12:15:00.0;2018-08-18 23:59:00.0;2018-08-18 17:52
GDL210565;5Y;607/22;GDL;EZE;2018-08-17 17:00;2018-08-22 01:30:00.0;2018-08-24 15:00:00.0;
GDL210581;5Y;055/26;GDL;VCP;2018-08-17 17:00;2018-08-22 01:30:00.0;2018-08-24 15:00:00.0;
NGB282986;CV;699/20;NGB;EIN;2018-08-17 16:00;2018-08-20 23:00:00.0;2018-08-21 08:00:00.0;2018-08-23 11:00
PVG907285;LH;8401/18;PVG;FRA;2018-08-17 23:00;2018-08-18 05:00:00.0;2018-08-18 13:00:00.0;2018-08-19 09:00
PVG909555;BR;012/22;PVG;LAX;2018-08-16 13:39;2018-08-21 00:20:00.0;2018-08-23 14:00:00.0;
PVG909557;BR;6608A/25;PVG;ATL;2018-08-18 11:58;2018-08-24 00:20:00.0;2018-08-25 11:45:00.0;
PVG909578;CK;211/19;PVG;DUS;2018-08-18 18:00;2018-08-19 06:00:00.0;2018-08-21 00:00:00.0;
HAN110542;CI;5384/22;HAN;MAO;;2018-08-19 18:00:00.0;2018-08-24 23:00:00.0;
ICN733500;AA;280/17;ICN;GRU;2018-08-17 10:00;2018-08-17 17:25:00.0;2018-08-19 07:25:00.0;2018-08-19 10:05
HKG597979;CX;504/19;HKG;NRT;2018-08-18 11:17;2018-08-19 09:50:00.0;2018-08-19 14:05:00.0;2018-08-20 12:47
HKG598282;CX;098/20;HKG;JFK;2018-08-16 19:38;2018-08-20 06:55:00.0;2018-08-20 23:59:00.0;2018-08-22 10:04
HKG598362;RFS;1055/21;HKG;AMS;2018-08-18 10:04;2018-08-19 18:20:00.0;2018-08-21 08:00:00.0;2018-08-24 09:27
HKG598383;;;HKG;MDE;2018-08-23 12:30;2018-08-28 20:00:00.0;2018-09-01 20:00:00.0;
HKG598482;KE;053/19;HKG;HNL;2018-08-17 17:04;2018-08-18 18:00:00.0;2018-08-20 04:00:00.0;
HKG598527;KE;053/19;HKG;HNL;2018-08-17 16:46;2018-08-18 18:00:00.0;2018-08-20 04:00:00.0;
HKG598630;QR;433/18;HKG;WRO;2018-08-17 17:42;2018-08-18 06:00:00.0;2018-08-25 12:00:00.0;2018-08-22 10:00
HKG598725;QR;8426/23;HKG;LUG;2018-08-20 15:14;2018-08-22 13:05:00.0;2018-08-24 18:00:00.0;
HKG598751;RU;222/22;HKG;WRO;2018-08-20 11:50;2018-08-22 01:15:00.0;2018-08-25 22:00:00.0;
HKG598772;KE;925/19;HKG;AMS;2018-08-15 15:48;2018-08-19 00:15:00.0;2018-08-19 18:30:00.0;2018-08-22 20:03
HKG598775;SQ;528/20;HKG;MAA;2018-08-17 15:35;2018-08-19 18:50:00.0;2018-08-20 22:00:00.0;
HKG598807;KA;378/19;HKG;OKA;2018-08-15 17:09;2018-08-19 12:15:00.0;2018-08-19 23:59:00.0;2018-08-20 12:48
PEK793840;RU;756/20;PEK;FRA;2018-08-17 13:39;2018-08-20 05:00:00.0;2018-08-20 23:00:00.0;
PEK793851;RU;756/20;PEK;FRA;2018-08-17 15:35;2018-08-20 05:00:00.0;2018-08-20 23:00:00.0;
PEK793852;RU;756/20;PEK;FRA;2018-08-17 15:37;2018-08-20 05:00:00.0;2018-08-20 23:00:00.0;
SZX057117;CX;3272/19;SZX;MAO;;2018-08-19 22:00:00.0;2018-08-21 13:00:00.0;
SZX057118;QT;851/21;SZX;VCP;;2018-08-19 01:50:00.0;2018-08-21 14:15:00.0;2018-08-21 05:07
SZX057121;CX;3272/19;SZX;MAO;;2018-08-19 22:00:00.0;2018-08-21 13:00:00.0;
SZX057273;5Y;8373/20;SZX;MAO;2018-08-18 09:00;2018-08-20 10:30:00.0;2018-08-23 13:00:00.0;
LCG400676;DE;0041/19;MAD;EZE;;2018-08-19 23:55:00.0;2018-08-20 07:35:00.0;
LCG400679;DE;0041/19;MAD;EZE;;2018-08-19 23:55:00.0;2018-08-20 07:35:00.0;
LCG400680;DE;0041/19;MAD;EZE;;2018-08-19 23:55:00.0;2018-08-20 07:35:00.0;
PVG910665;OZ;988/19;PVG;ICN;2018-08-15 08:33;2018-08-19 04:00:00.0;2018-08-20 07:35:00.0;
PVG911983;RU;593B/20;PVG;NUE;2018-08-16 18:00;2018-08-18 05:00:00.0;2018-08-21 00:00:00.0;2018-08-25 07:00
SZX137484;PO;966/20;SZX;FRA;2018-08-16 21:02;2018-08-18 09:00:00.0;2018-08-20 23:00:00.0;2018-08-21 10:48
SZX137486;PO;966/20;SZX;FRA;2018-08-16 23:02;2018-08-18 09:00:00.0;2018-08-20 23:00:00.0;2018-08-21 10:48
BOG266605;5X;UP6148;BOG;MIA;;2018-08-16 02:00:00.0;2018-08-16 05:30:00.0;
BOG266609;5X;UP6148;BOG;MIA;;2018-08-16 02:00:00.0;2018-08-16 05:30:00.0;
GDL783215;CV;7791A/19;GDL;STR;2018-08-17 10:00;2018-08-19 01:00:00.0;2018-08-21 00:00:00.0;2018-08-24 09:36
SAO754764;AM;015/23;GRU;MEX;;2018-08-23 23:00:00.0;2018-08-24 10:00:00.0;
HKG066735;O6;8541/22;HKG;MAO;2018-08-18 16:09;2018-08-19 22:00:00.0;2018-08-20 07:00:00.0;2018-08-20 18:21
HKG066736;5Y;039/26;HKG;MAO;2018-08-18 11:22;2018-08-20 11:25:00.0;2018-08-22 00:25:00.0;
HKG166143;QR;433/18;HKG;FRA;2018-08-16 19:17;2018-08-18 06:00:00.0;2018-08-18 12:00:00.0;2018-08-21 10:48
HKG166148;QR;433/18;HKG;FRA;2018-08-16 19:17;2018-08-18 06:00:00.0;2018-08-18 12:00:00.0;2018-08-21 10:48
HKG166151;QR;433/18;HKG;FRA;2018-08-16 19:17;2018-08-18 06:00:00.0;2018-08-18 12:00:00.0;2018-08-21 10:48
HKG166154;OZ;541/19;HKG;FRA;2018-08-16 19:17;2018-08-19 02:10:00.0;2018-08-19 17:40:00.0;2018-08-22 10:49
HKG166156;QR;433/18;HKG;FRA;2018-08-16 19:17;2018-08-18 06:00:00.0;2018-08-18 12:00:00.0;2018-08-21 10:48
HKG166158;QR;1359/19;HKG;JNB;2018-08-16 19:17;2018-08-18 13:30:00.0;2018-08-19 14:00:00.0;2018-08-21 17:37
HKG166159;QR;433/18;HKG;FRA;2018-08-16 19:17;2018-08-18 06:00:00.0;2018-08-18 12:00:00.0;2018-08-21 10:48
PVG913699;RU;765/19;CGO;FRA;2018-08-16 15:17;2018-08-18 08:15:00.0;2018-08-19 12:30:00.0;2018-08-21 10:48
PVG913710;RU;765/19;CGO;FRA;2018-08-16 15:02;2018-08-18 08:15:00.0;2018-08-19 12:30:00.0;2018-08-21 10:48
PVG913730;RU;765/19;CGO;FRA;2018-08-16 15:17;2018-08-18 08:15:00.0;2018-08-19 12:30:00.0;2018-08-21 10:48
PVG914528;CK;287/18;PVG;SIN;2018-08-14 04:55;2018-08-18 07:45:00.0;2018-08-18 13:00:00.0;
PVG914596;M3;8491/25;PVG;VCP;2018-08-17 03:18;2018-08-22 03:00:00.0;2018-08-23 00:01:00.0;
PVG914599;CV;7602/21;PVG;VCP;2018-08-17 18:00;2018-08-19 23:55:00.0;2018-08-22 00:20:00.0;2018-08-21 23:10
PVG914845;RU;298/19;PVG;FRA;2018-08-16 18:00;2018-08-19 02:00:00.0;2018-08-19 19:00:00.0;2018-08-22 10:49
PVG914846;LX;256/19;PVG;TLV;2018-08-16 18:01;2018-08-18 09:10:00.0;2018-08-20 03:30:00.0;
HKG929032;RU;442/24;HKG;MEX;2018-08-15 23:00;2018-08-24 02:00:00.0;2018-08-24 15:00:00.0;2018-08-24 19:33
HKG929043;5Y;059/20;HKG;BOG;2018-08-17 15:35;2018-08-18 21:30:00.0;2018-08-26 02:30:00.0;2018-08-22 08:00
SAO754902;JJ;8112/19;GRU;MEX;;2018-08-22 23:00:00.0;2018-08-23 10:00:00.0;
SZX139001;EK;163/23;HKG;DUB;2018-08-20 09:51;2018-08-22 04:25:00.0;2018-08-23 12:00:00.0;
SZX139002;OZ;521/22;HKG;LHR;2018-08-20 09:52;2018-08-22 00:30:00.0;2018-08-22 17:50:00.0;
SZX139007;NH;860/19;HKG;FKB;2018-08-18 09:51;2018-08-19 14:00:00.0;2018-08-22 08:00:00.0;2018-08-24 12:00
GDL783389;5Y;607/22;GDL;EZE;2018-08-17 13:32;2018-08-22 01:30:00.0;2018-08-24 23:59:00.0;
PEK794213;BR;2150/19;PEK;SIN;2018-08-17 18:00;2018-08-18 13:55:00.0;2018-08-19 13:10:00.0;2018-08-19 19:45
TSN033232;LX;082/21;TSN;GRU;2018-08-17 09:00;2018-08-17 16:00:00.0;2018-08-22 05:00:00.0;2018-08-22 05:35
TSN033235;LX;082/21;TSN;GRU;2018-08-17 09:00;2018-08-17 16:00:00.0;2018-08-22 05:00:00.0;2018-08-22 05:35
HKG599534;QR;433/18;HKG;FRA;2018-08-16 19:17;2018-08-18 06:00:00.0;2018-08-18 12:00:00.0;2018-08-21 10:48
HKG599536;QR;433/18;HKG;FRA;2018-08-16 19:18;2018-08-18 06:00:00.0;2018-08-18 12:00:00.0;2018-08-21 10:48
HKG599556;CX;749/19;HKG;JNB;2018-08-08 10:45;2018-08-19 23:45:00.0;2018-08-20 06:45:00.0;2018-08-20 12:49
HKG599558;CX;749/20;HKG;JNB;2018-08-15 18:48;2018-08-20 23:45:00.0;2018-08-21 06:45:00.0;2018-08-22 17:27
PNH009370;QR;8185/21;PNH;ZAZ;;2018-08-19 09:00:00.0;2018-08-21 18:55:00.0;
TSN138011;LH;8397/20;TSN;NUE;2018-08-17 09:00;2018-08-17 16:00:00.0;2018-08-22 00:00:00.0;2018-08-23 00:46
TSN138022;RU;8529/19;TSN;HAJ;2018-08-17 09:00;2018-08-17 16:00:00.0;2018-08-22 08:00:00.0;2018-08-23 10:00
HKG599653;KA;378/19;HKG;OKA;2018-08-15 17:10;2018-08-19 12:15:00.0;2018-08-19 23:59:00.0;2018-08-20 12:48
HKG599717;QR;8223/21;HKG;WRO;2018-08-18 09:30;2018-08-20 21:00:00.0;2018-08-27 16:00:00.0;
HKG599727;CA;2091C/22;HKG;XIY;2018-08-20 15:07;2018-08-21 14:20:00.0;2018-08-24 09:00:00.0;
HKG599728;QT;703/25;HKG;MDE;2018-08-17 12:31;2018-08-21 02:10:00.0;2018-08-25 06:00:00.0;
HKG599741;AC;156/19;HKG;YYZ;2018-08-17 16:35;2018-08-19 12:45:00.0;2018-08-20 00:00:00.0;2018-08-20 18:19
HKG599759;KE;529/21;HKG;FRA;2018-08-18 16:20;2018-08-20 03:25:00.0;2018-08-21 14:35:00.0;2018-08-21 16:23
HKG599800;CV;7332/21;HKG;MST;2018-08-17 12:28;2018-08-21 09:30:00.0;2018-08-21 20:30:00.0;
HKG599803;RU;540/18;HKG;CDG;2018-08-17 12:06;2018-08-18 06:10:00.0;2018-08-18 17:30:00.0;2018-08-23 08:52
HKG599833;NH;006/20;HKG;LAX;2018-08-18 11:30;2018-08-19 15:20:00.0;2018-08-20 12:00:00.0;2018-08-20 18:20
HKG599847;OZ;541/19;HKG;BUD;2018-08-17 12:11;2018-08-19 02:10:00.0;2018-08-21 17:40:00.0;2018-08-21 13:30
HKG599874;CV;7536/18;HKG;MST;2018-08-17 16:42;2018-08-18 07:50:00.0;2018-08-18 18:00:00.0;
HKG599875;CV;7536/18;HKG;MST;2018-08-17 16:42;2018-08-18 07:50:00.0;2018-08-18 23:59:00.0;
HKG599880;PO;8030/23;HKG;ATL;2018-08-20 23:00;2018-08-22 04:00:00.0;2018-08-22 23:00:00.0;2018-08-22 23:00
HKG599886;EK;9111/23;HKG;AUH;2018-08-17 12:26;2018-08-22 04:25:00.0;2018-08-23 11:30:00.0;
HKG599891;KE;529/21;HKG;WRO;2018-08-18 16:53;2018-08-20 03:25:00.0;2018-08-27 14:35:00.0;2018-08-24 10:00
HKG599896;BA;3124/19;HKG;LHR;2018-08-17 12:30;2018-08-18 17:35:00.0;2018-08-19 22:00:00.0;2018-08-21 10:43
HKG599898;;;HKG;MTY;2018-08-18 14:54;2018-08-19 21:00:00.0;2018-08-22 21:40:00.0;2018-08-23 14:51
HKG599901;CA;965/19;HKG;FRA;2018-08-17 16:40;2018-08-18 14:20:00.0;2018-08-19 04:45:00.0;
HKG599906;EK;564/21;HKG;BLR;2018-08-18 18:00;2018-08-20 00:05:00.0;2018-08-21 08:55:00.0;2018-08-23 14:00
HKG599907;5Y;063/22;HKG;VCP;2018-08-17 16:36;2018-08-21 11:25:00.0;2018-08-22 15:00:00.0;2018-08-22 12:59
HKG599911;CX;054/18;HKG;PVG;2018-08-17 23:00;2018-08-18 20:35:00.0;2018-08-19 02:55:00.0;2018-08-22 14:22
HKG599912;CX;739/18;HKG;SIN;2018-08-17 12:23;2018-08-18 11:35:00.0;2018-08-18 15:48:00.0;2018-08-23 09:00
HKG599917;OZ;521/20;HKG;LHR;2018-08-18 11:15;2018-08-20 00:30:00.0;2018-08-20 17:50:00.0;2018-08-24 10:13
HKG599920;BA;243/20;HKG;MEX;2018-08-17 16:30;2018-08-18 17:35:00.0;2018-08-20 19:35:00.0;2018-08-21 10:00
HKG599936;QR;433/18;HKG;FRA;2018-08-17 17:07;2018-08-18 06:00:00.0;2018-08-18 12:00:00.0;2018-08-22 08:00
HKG599937;CX;096/19;HKG;GDL;2018-08-17 16:35;2018-08-18 20:30:00.0;2018-08-19 07:30:00.0;2018-08-19 09:14
HKG599962;QR;8201/20;HKG;AMS;2018-08-17 16:29;2018-08-18 06:00:00.0;2018-08-20 14:45:00.0;2018-08-19 18:50
HKG599976;CX;096/19;HKG;GDL;2018-08-17 15:00;2018-08-18 20:30:00.0;2018-08-19 07:30:00.0;2018-08-19 09:14
HKG599983;MU;502/19;HKG;PVG;2018-08-18 12:02;2018-08-19 12:00:00.0;2018-08-19 17:00:00.0;2018-08-20 12:48
HKG599984;LH;797/19;HKG;NUE;2018-08-18 10:36;2018-08-19 23:40:00.0;2018-08-21 00:00:00.0;2018-08-23 10:38
HKG600040;QR;8223/21;HKG;FRA;2018-08-18 11:40;2018-08-20 21:00:00.0;2018-08-21 16:00:00.0;2018-08-24 08:00
HKG600046;KE;529/21;HKG;WAW;2018-08-18 12:58;2018-08-20 03:25:00.0;2018-08-27 14:35:00.0;
HKG600050;NH;860/21;HKG;LEJ;2018-08-20 12:17;2018-08-21 14:00:00.0;2018-08-24 08:00:00.0;2018-08-24 00:00
HKG600053;KE;529/21;HKG;FMO;2018-08-18 15:00;2018-08-20 03:25:00.0;2018-08-23 07:00:00.0;2018-08-24 12:00
HKG600057;EK;564/21;HKG;BLR;2018-08-18 12:00;2018-08-20 00:05:00.0;2018-08-21 08:55:00.0;2018-08-23 14:00
HKG600084;KE;529/22;HKG;FRA;2018-08-18 11:41;2018-08-21 03:25:00.0;2018-08-22 14:35:00.0;2018-08-24 08:00
HKG600095;CV;4517/19;HKG;ORD;2018-08-18 11:33;2018-08-19 14:00:00.0;2018-08-19 23:59:00.0;2018-08-21 15:18
HAN110986;CV;7641/20;HAN;VCP;;2018-08-18 03:15:00.0;2018-08-20 21:05:00.0;2018-08-20 21:00
HAN110988;QR;0773/21;HAN;GRU;;2018-08-19 08:35:00.0;2018-08-22 17:20:00.0;2018-08-20 17:11
HAN110989;QR;0773/22;HAN;GRU;;2018-08-19 21:55:00.0;2018-08-22 17:20:00.0;2018-08-22 16:51
GDL783480;CV;7791A/19;GDL;CDG;2018-08-17 13:16;2018-08-19 01:00:00.0;2018-08-22 10:00:00.0;2018-08-24 09:35
DLC863860;SQ;801/18;DLC;ZAZ;2018-08-15 10:00;2018-08-18 18:00:00.0;2018-08-23 02:00:00.0;2018-08-20 09:39
DLC863888;LH;8397/20;DLC;FRA;2018-08-16 10:00;2018-08-17 20:00:00.0;2018-08-19 12:00:00.0;2018-08-21 08:00
KIX672506;JL;407/18;KIX;FRA;;2018-08-18 10:50:00.0;2018-08-18 16:30:00.0;2018-08-20 08:00
PVG079180;;;PVG;VCP;2018-08-18 05:00;2018-08-19 09:10:00.0;2018-08-20 12:00:00.0;2018-08-22 22:10
PVG079181;;;PVG;VCP;2018-08-18 11:26;2018-08-21 03:00:00.0;2018-08-22 00:01:00.0;2018-08-23 13:53
PVG079183;;;PVG;VCP;2018-08-18 05:00;2018-08-19 09:10:00.0;2018-08-20 12:00:00.0;2018-08-22 22:10
KIX672607;LH;741/18;KIX;FRA;;2018-08-18 10:05:00.0;2018-08-18 15:00:00.0;2018-08-20 07:00
KIX672609;LH;741/18;KIX;FRA;;2018-08-18 10:05:00.0;2018-08-18 15:00:00.0;2018-08-20 07:00
PVG915370;RU;113/20;PVG;ZAZ;2018-08-19 18:00;2018-08-20 05:00:00.0;2018-08-21 06:00:00.0;2018-08-21 06:51
PVG915471;KE;594/24;PVG;ZAZ;2018-08-19 18:00;2018-08-20 03:00:00.0;2018-08-24 13:00:00.0;2018-08-21 20:36
PVG915475;CV;699/18;PVG;VLC;2018-08-17 18:00;2018-08-18 23:55:00.0;2018-08-22 06:55:00.0;2018-08-22 07:55
PVG915938;7L;263/19;PVG;HAJ;2018-08-17 23:00;2018-08-19 02:30:00.0;2018-08-21 10:00:00.0;2018-08-21 18:00
PVG915976;CA;1056/19;PVG;JFK;2018-08-06 14:02;2018-08-19 22:00:00.0;2018-08-19 12:25:00.0;2018-08-23 07:27
PVG916043;RU;616/23;PVG;CDG;2018-08-18 15:00;2018-08-21 23:55:00.0;2018-08-22 19:00:00.0;
PVG916109;BR;6082/20;PVG;PEN;2018-08-16 15:00;2018-08-19 03:15:00.0;2018-08-20 10:25:00.0;
PVG916112;CV;699/23;PVG;BRN;2018-08-19 18:00;2018-08-23 23:55:00.0;2018-08-24 06:55:00.0;
PVG916151;CK;263/22;PVG;HKG;2018-08-21 15:00;2018-08-22 03:00:00.0;2018-08-22 05:00:00.0;2018-08-23 09:13
PVG916152;OZ;988/21;PVG;ICN;2018-08-17 15:00;2018-08-21 04:00:00.0;2018-08-21 07:35:00.0;
EIN994605;LH;8086/28;EIN;MAA;2018-08-17 15:00;2018-08-28 22:40:00.0;2018-08-29 11:20:00.0;
HAN383025;CV;7536A/18;HAN;MAD;;2018-08-18 01:00:00.0;2018-08-21 11:00:00.0;2018-08-21 09:33
HAN383028;CV;4316/18;HAN;MIA;;2018-08-18 03:15:00.0;2018-08-18 15:10:00.0;
HAN383035;CV;4316/18;HAN;MIA;;2018-08-18 03:15:00.0;2018-08-18 15:10:00.0;2018-08-23 12:08
HAN383036;CV;4316/18;HAN;MIA;;2018-08-18 03:15:00.0;2018-08-18 15:10:00.0;
HAN383040;CV;4316/18;HAN;MIA;;2018-08-18 03:15:00.0;2018-08-18 15:10:00.0;2018-08-24 09:28
HAN383046;CV;4316/18;HAN;BOG;;2018-08-18 03:15:00.0;2018-08-25 10:00:00.0;
HAN383047;CV;4316/18;HAN;IQQ;;2018-08-18 03:15:00.0;2018-08-25 10:00:00.0;
HAN383048;CV;4316/18;HAN;IQQ;;2018-08-18 03:15:00.0;2018-08-25 10:00:00.0;
HAN383050;CV;4316/18;HAN;IQQ;;2018-08-18 03:15:00.0;2018-08-25 10:00:00.0;
HAN383051;CV;4316/18;HAN;IQQ;;2018-08-18 03:15:00.0;2018-08-25 10:00:00.0;
HAN383056;CV;4316/18;HAN;GYE;;2018-08-18 03:15:00.0;2018-08-25 10:00:00.0;
HAN383057;CV;4316/18;HAN;PTY;;2018-08-18 03:15:00.0;2018-08-25 10:00:00.0;
HAN383060;CV;4316/18;HAN;UIO;;2018-08-18 03:15:00.0;2018-08-25 10:00:00.0;
HAN383065;QR;189/19;HAN;RIX;;2018-08-18 09:10:00.0;2018-08-20 11:00:00.0;
HAN383528;KE;273/18;HAN;PTY;;2018-08-18 03:15:00.0;2018-08-25 10:00:00.0;
BNA945701;5Y;057/18;HSV;VCP;2018-08-16 09:24;2018-08-17 18:00:00.0;2018-08-18 15:45:00.0;2018-08-18 15:10
BNA945710;5Y;8416/19;HSV;VCP;2018-08-17 09:52;2018-08-17 18:00:00.0;2018-08-19 15:00:00.0;2018-08-19 16:28
BNA945716;BW;791/21;MIA;BGI;2018-08-17 06:00;2018-08-21 03:00:00.0;2018-08-21 06:20:00.0;
BNA945718;QT;727/20;MIA;MVD;2018-08-17 06:00;2018-08-20 06:30:00.0;2018-08-20 20:30:00.0;
BNA945721;UC;1201/18;MIA;GUA;2018-08-17 07:00;2018-08-18 22:00:00.0;2018-08-18 23:45:00.0;
BNA945725;GB;901/20;MIA;PTY;2018-08-17 07:00;2018-08-20 05:30:00.0;2018-08-20 08:20:00.0;
BNA945726;M6;711/20;MIA;BZE;2018-08-17 08:00;2018-08-21 16:53:00.0;2018-08-20 16:00:00.0;
BNA945727;;;HSV;ASU;2018-08-17 08:33;2018-08-19 20:00:00.0;2018-08-24 07:10:00.0;
BNA945728;UC;1201/18;HSV;GUA;2018-08-17 07:16;2018-08-18 22:00:00.0;2018-08-23 19:00:00.0;
TPE605708;CV;6916A/18;TPE;LIL;2018-08-17 14:00;2018-08-18 01:00:00.0;2018-08-20 10:00:00.0;
SZX139632;KZ;110/20;SZX;LAX;2018-08-18 08:11;2018-08-20 02:10:00.0;2018-08-23 00:45:00.0;
SZX139893;LH;797/19;SZX;KRK;2018-08-17 10:00;2018-08-18 10:00:00.0;2018-08-28 10:00:00.0;2018-08-23 10:00
SZX139943;CV;7332/21;HKG;LUX;2018-08-18 10:00;2018-08-21 09:30:00.0;2018-08-21 20:30:00.0;
SZX140070;5Y;031/21;SZX;VCP;2018-08-14 19:17;2018-08-20 11:00:00.0;2018-08-21 15:45:00.0;2018-08-21 13:17
SZX140074;5Y;031/21;SZX;VCP;2018-08-15 12:14;2018-08-20 11:00:00.0;2018-08-21 15:45:00.0;2018-08-21 13:17
PVG916477;EK;9889/18;PVG;BOM;2018-08-14 15:00;2018-08-18 05:00:00.0;2018-08-18 10:00:00.0;2018-08-20 10:42
PVG916659;LH;8401/18;PVG;FRA;2018-08-16 23:00;2018-08-18 05:00:00.0;2018-08-18 13:00:00.0;2018-08-19 09:00
PVG916743;RU;216/21;PVG;MIL;2018-08-20 18:00;2018-08-21 02:00:00.0;2018-08-22 00:00:00.0;2018-08-23 13:06
PVG916749;EK;061/20;PVG;HAM;2018-08-17 18:00;2018-08-18 05:00:00.0;2018-08-20 21:00:00.0;
PVG916752;EK;061/21;PVG;HAM;2018-08-18 18:00;2018-08-19 05:00:00.0;2018-08-21 00:00:00.0;
PVG916756;CA;1041/18;PVG;DUS;2018-08-17 18:00;2018-08-18 12:50:00.0;2018-08-22 08:00:00.0;
PVG916871;6R;301/20;PVG;GDL;2018-08-17 04:50;2018-08-18 19:50:00.0;2018-08-21 05:10:00.0;2018-08-21 12:37
PVG916933;OZ;703/18;PVG;MNL;2018-08-16 04:51;2018-08-18 04:00:00.0;2018-08-18 23:59:00.0;2018-08-20 14:00
PVG917089;BR;012/22;PVG;LAX;2018-08-17 16:57;2018-08-21 00:20:00.0;2018-08-23 14:00:00.0;
PVG917279;CV;699/24;PVG;EIN;2018-08-16 23:00;2018-08-24 23:55:00.0;2018-08-27 06:55:00.0;
PVG917285;QR;773/19;PVG;GRU;2018-08-16 18:00;2018-08-18 21:00:00.0;2018-08-19 12:00:00.0;2018-08-21 16:54
PVG917287;CV;7857/19;CGO;HAM;2018-08-17 18:00;2018-08-19 23:10:00.0;2018-08-23 06:00:00.0;
PVG917289;CV;7857/19;CGO;MUC;2018-08-17 18:00;2018-08-19 23:10:00.0;2018-08-20 06:15:00.0;2018-08-24 08:10
PVG917316;EK;762/20;PVG;JNB;2018-08-16 08:04;2018-08-19 05:00:00.0;2018-08-20 16:25:00.0;
PVG917701;RU;298/19;PVG;FRA;2018-08-16 18:00;2018-08-19 02:00:00.0;2018-08-19 19:00:00.0;2018-08-22 10:49
PVG917705;RU;298/19;PVG;FRA;2018-08-16 18:01;2018-08-19 02:00:00.0;2018-08-19 19:00:00.0;2018-08-22 10:49
PVG917706;LX;256/19;PVG;TLV;2018-08-16 18:04;2018-08-18 09:10:00.0;2018-08-20 03:30:00.0;
PVG917707;RU;298/19;PVG;FRA;2018-08-16 18:00;2018-08-19 02:00:00.0;2018-08-19 19:00:00.0;2018-08-22 10:49
PVG917716;LX;256/20;PVG;TLV;2018-08-17 17:45;2018-08-19 09:10:00.0;2018-08-21 03:30:00.0;
PVG917717;RU;298/19;PVG;FRA;2018-08-17 17:30;2018-08-19 02:00:00.0;2018-08-19 19:00:00.0;2018-08-22 10:49
PVG918178;EK;566/26;PVG;BLR;2018-08-16 15:00;2018-08-19 05:00:00.0;2018-08-26 18:35:00.0;2018-08-23 14:00
PVG918181;EK;9889/18;PVG;BOM;2018-08-16 15:00;2018-08-18 05:00:00.0;2018-08-18 10:00:00.0;2018-08-20 10:43
PVG918203;EK;546/23;PVG;MAA;2018-08-17 15:00;2018-08-22 05:00:00.0;2018-08-23 20:10:00.0;2018-08-24 10:56
PVG918205;EK;9889/18;PVG;BOM;2018-08-16 15:00;2018-08-18 05:00:00.0;2018-08-18 10:00:00.0;2018-08-20 10:43
PVG918283;RU;298/22;PVG;FRA;2018-08-17 15:00;2018-08-22 02:00:00.0;2018-08-23 00:00:00.0;
PVG918403;BR;6608A/19;PVG;ATL;2018-08-16 15:00;2018-08-18 00:20:00.0;2018-08-20 11:45:00.0;
PVG918412;CX;910/19;PVG;ATL;2018-08-15 15:00;2018-08-19 04:00:00.0;2018-08-20 14:31:00.0;2018-08-24 09:17
PVG918413;RU;298/18;PVG;STR;2018-08-15 15:00;2018-08-18 02:00:00.0;2018-08-21 00:00:00.0;2018-08-24 07:34
PVG918418;UA;199/18;PVG;LAX;2018-08-16 15:00;2018-08-18 20:10:00.0;2018-08-19 17:10:00.0;
PVG918419;CZ;463/23;PVG;NUE;2018-08-18 18:00;2018-08-23 06:55:00.0;2018-08-29 10:00:00.0;
PVG919199;CA;1035/19;PVG;AMS;;2018-08-18 00:50:00.0;2018-08-19 08:30:00.0;2018-08-23 01:32
LIM114315;AV;2426/19;LIM;ORD;;2018-08-20 18:50:00.0;2018-08-23 13:00:00.0;
LIM114317;AV;2426/19;LIM;UIO;;2018-08-20 18:00:00.0;2018-08-21 18:00:00.0;2018-08-20 08:28
PVG079383;M3;8421/22;PVG;MAO;2018-08-18 05:00;2018-08-19 09:10:00.0;2018-08-20 12:00:00.0;2018-08-23 04:45
PVG079430;M3;8421/22;PVG;MAO;2018-08-18 05:00;2018-08-19 09:10:00.0;2018-08-20 12:00:00.0;2018-08-23 04:45
PVG079440;M3;8425/24;PVG;MAO;2018-08-20 05:00;2018-08-21 03:00:00.0;2018-08-22 00:01:00.0;2018-08-23 14:59
KIX672839;RU;182/20;NRT;FRA;;2018-08-20 11:00:00.0;2018-08-20 12:35:00.0;2018-08-22 08:00
KIX672842;JL;407/18;KIX;FRA;;2018-08-18 10:50:00.0;2018-08-18 16:30:00.0;2018-08-20 08:00
LHR315254;BR;068/17;LHR;BKK;;2018-08-17 21:35:00.0;2018-08-19 15:05:00.0;2018-08-19 18:02
BUE058969;TK;016/18;EZE;GRU;;2018-08-18 23:00:00.0;2018-08-19 02:00:00.0;2018-08-19 01:43
PTY008972;CM;223/30;PTY;BUE;2018-08-20 18:40;2018-08-30 21:00:00.0;2018-08-30 21:00:00.0;2018-08-22 11:42
KIX672907;JL;407/18;KIX;FRA;2018-08-17 10:30;2018-08-18 10:50:00.0;2018-08-19 14:00:00.0;2018-08-20 08:00
KIX672908;LH;717/18;KIX;FRA;2018-08-17 11:00;2018-08-18 08:00:00.0;2018-08-18 18:45:00.0;2018-08-20 08:00
MST830226;KL;9773/25;MST;POA;2018-08-17 06:01;2018-08-20 01:00:00.0;2018-08-25 10:00:00.0;
HAN383601;QT;715/22;HAN;BOG;;2018-08-18 03:15:00.0;2018-08-25 10:00:00.0;2018-08-23 08:00
HAN383603;LY;076/24;HAN;TLV;;2018-08-20 03:15:00.0;2018-08-24 21:30:00.0;
NKG210418;SQ;7835/18;PVG;SIN;2018-08-16 18:00;2018-08-18 23:25:00.0;2018-08-18 08:25:00.0;2018-08-19 15:49
SGN573154;5Y;604/26;SGN;MEX;2018-08-18 15:00;2018-08-22 01:00:00.0;2018-08-27 03:00:00.0;
NGB283144;RU;298/18;NGB;WAW;2018-08-15 17:40;2018-08-18 10:00:00.0;2018-08-27 14:00:00.0;
NGB283178;RU;616/20;NGB;CDG;2018-08-16 18:00;2018-08-19 10:00:00.0;2018-08-19 23:00:00.0;2018-08-23 07:36
BKK305380;LX;006/21;BKK;ORD;2018-08-18 10:00;2018-08-19 13:05:00.0;2018-08-21 12:25:00.0;
SZX140266;RU;153/20;SZX;AMS;2018-08-17 11:38;2018-08-18 10:00:00.0;2018-08-20 22:00:00.0;2018-08-22 10:02
SZX140309;QR;1359/19;SZX;JNB;2018-08-17 13:47;2018-08-18 10:00:00.0;2018-08-19 14:00:00.0;
SZX140312;QR;433/18;SZX;FRA;2018-08-17 14:59;2018-08-18 10:00:00.0;2018-08-19 18:00:00.0;
SZX140313;QR;434/19;SZX;LHR;2018-08-17 16:26;2018-08-18 01:00:00.0;2018-08-19 12:00:00.0;2018-08-22 01:46
SZX140314;KE;925/19;SZX;AMS;2018-08-17 14:53;2018-08-18 10:00:00.0;2018-08-19 18:30:00.0;2018-08-22 01:36
SZX140316;KE;925/19;SZX;AMS;2018-08-17 16:30;2018-08-18 10:00:00.0;2018-08-19 18:30:00.0;2018-08-22 01:36
SZX140319;RU;540/18;SZX;CDG;2018-08-17 16:32;2018-08-18 10:00:00.0;2018-08-18 21:15:00.0;2018-08-22 15:11
SZX140326;GB;2203/21;SZX;GDL;2018-08-17 13:46;2018-08-18 10:00:00.0;2018-08-21 08:25:00.0;2018-08-21 13:05
SZX140328;CX;096/19;SZX;GDL;2018-08-17 13:44;2018-08-18 10:00:00.0;2018-08-19 07:30:00.0;2018-08-19 09:14
SZX140456;5Y;037/23;SZX;MAO;2018-08-18 09:29;2018-08-21 21:00:00.0;2018-08-28 21:00:00.0;2018-08-23 10:50
SZX140458;BA;243/20;SZX;MEX;2018-08-17 13:46;2018-08-18 10:00:00.0;2018-08-20 19:35:00.0;2018-08-21 10:00
SZX140465;CX;007/19;SZX;LHR;2018-08-17 10:59;2018-08-18 10:00:00.0;2018-08-19 14:25:00.0;2018-08-21 22:19
SZX140468;QR;433/18;SZX;FRA;2018-08-17 13:22;2018-08-18 10:00:00.0;2018-08-19 12:00:00.0;
SZX140475;QR;433/18;SZX;FRA;2018-08-17 15:03;2018-08-18 10:00:00.0;2018-08-18 12:00:00.0;2018-08-18 19:37
SZX140477;EK;163/21;SZX;DUB;2018-08-17 15:00;2018-08-18 10:00:00.0;2018-08-21 12:00:00.0;2018-08-22 10:30
SZX140602;CX;086/23;SZX;GDL;2018-08-20 20:00;2018-08-23 00:35:00.0;2018-08-23 09:30:00.0;2018-08-23 16:56
SZX140618;CV;7333/22;SZX;WAW;2018-08-20 18:30;2018-08-17 10:00:00.0;2018-08-26 10:00:00.0;
SZX140657;CX;161/23;SZX;SYD;2018-08-21 14:00;2018-08-23 19:00:00.0;2018-08-24 09:45:00.0;2018-08-24 11:51
BNA945942;5Y;057/18;HSV;VCP;2018-08-14 10:16;2018-08-17 18:00:00.0;2018-08-18 15:45:00.0;2018-08-18 15:10
CAN548309;CX;098/20;CAN;JFK;2018-08-17 10:00;2018-08-20 06:55:00.0;2018-08-20 23:59:00.0;2018-08-20 18:16
TXG606482;QR;8157C/20;TPE;PRG;2018-08-17 10:00;2018-08-20 01:00:00.0;2018-08-21 09:05:00.0;
BKK305385;QR;8180/20;BKK;HEL;2018-08-17 17:00;2018-08-20 01:00:00.0;2018-08-27 18:00:00.0;
XIY002759;KE;856/22;XIY;ICN;2018-08-17 10:00;2018-08-22 10:00:00.0;2018-08-23 16:25:00.0;
CKG068844;RU;568/20;CKG;FRA;2018-08-17 17:00;2018-08-18 08:06:00.0;2018-08-20 06:00:00.0;
CKG068847;RU;568/20;CKG;FRA;2018-08-17 17:00;2018-08-18 08:06:00.0;2018-08-20 06:00:00.0;
HKG603655;CX;054/18;HKG;PVG;2018-08-17 14:27;2018-08-18 20:35:00.0;2018-08-19 02:55:00.0;2018-08-22 22:32
HKG603657;CX;054/18;HKG;PVG;2018-08-17 15:34;2018-08-18 20:35:00.0;2018-08-19 02:55:00.0;2018-08-20 20:50
HKG603658;MU;502/19;HKG;PVG;2018-08-18 10:44;2018-08-19 12:00:00.0;2018-08-20 17:00:00.0;2018-08-21 20:19
HKG930451;CV;4316/18;HKG;MIA;2018-08-14 20:43;2018-08-18 21:30:00.0;2018-08-18 15:10:00.0;2018-08-21 11:08
HKG930508;D5;5455/22;HKG;GUA;2018-08-17 18:26;2018-08-19 22:00:00.0;2018-08-22 10:05:00.0;2018-08-20 18:21
HKG930562;;;HKG;BOG;2018-08-15 20:12;2018-08-20 10:30:00.0;2018-08-23 00:30:00.0;
HKG930639;5Y;8373/20;HKG;MIA;2018-08-18 13:53;2018-08-20 10:30:00.0;2018-08-21 03:15:00.0;2018-08-22 10:10
HKG930714;;;HKG;SCL;2018-08-17 00:55;2018-08-19 01:50:00.0;2018-08-25 06:05:00.0;
HKG930724;CV;4316/18;HKG;MIA;2018-08-17 01:17;2018-08-18 21:30:00.0;2018-08-18 15:10:00.0;2018-08-21 09:53
HKG930726;CV;4316/18;HKG;MIA;2018-08-17 01:17;2018-08-18 21:30:00.0;2018-08-18 15:10:00.0;2018-08-21 09:50
HKG930733;GB;901/23;HKG;PTY;2018-08-17 16:32;2018-08-20 10:30:00.0;2018-08-23 10:17:00.0;2018-08-22 15:42
HKG930757;UC;1201/23;HKG;SJO;2018-08-16 23:00;2018-08-20 10:30:00.0;2018-08-23 02:30:00.0;
HKG930758;5Y;8373/20;HKG;SRZ;2018-08-16 23:00;2018-08-20 10:30:00.0;2018-08-21 03:15:00.0;
HKG930761;D5;5455/22;HKG;GUA;2018-08-17 04:38;2018-08-19 22:00:00.0;2018-08-22 10:05:00.0;2018-08-20 18:21
HKG930791;;;HKG;BOG;2018-08-17 19:04;2018-08-19 22:00:00.0;2018-08-23 00:30:00.0;
HKG930801;2L;751/23;HKG;LPB;2018-08-17 18:26;2018-08-19 22:00:00.0;2018-08-23 20:00:00.0;
HKG930848;GB;901/23;HKG;PTY;2018-08-17 22:42;2018-08-20 10:30:00.0;2018-08-23 10:17:00.0;2018-08-22 16:05
HKG930870;5Y;033/26;HKG;EZE;2018-08-18 00:51;2018-08-19 22:00:00.0;2018-08-26 18:40:00.0;2018-08-20 18:21
PEN491433;AF;3620/22;PEN;ATL;2018-08-08 18:10;2018-08-28 15:10:00.0;2018-08-22 13:00:00.0;
PEN491434;AF;3620/22;PEN;ATL;2018-08-08 15:10;2018-08-18 15:10:00.0;2018-08-22 13:00:00.0;
TSN138119;OZ;577A/18;TSN;ALA;;2018-08-17 14:45:00.0;2018-08-18 20:00:00.0;
ZGN085702;EK;139/23;ZBD;PRG;2018-08-16 10:00;2018-08-22 06:50:00.0;2018-08-23 12:35:00.0;
TPE606596;BR;698/19;TPE;DFW;2018-08-16 18:00;2018-08-19 21:30:00.0;2018-08-20 00:30:00.0;2018-08-21 19:50
TPE606610;CV;6916A/18;TPE;AMS;2018-08-17 18:00;2018-08-18 01:00:00.0;2018-08-18 22:00:00.0;2018-08-20 20:07
VIE319650;5Y;604/19;VIE;MEX;2018-08-16 12:00;2018-08-19 18:55:00.0;2018-08-20 03:00:00.0;2018-08-21 04:28
MAD831291;TK;0026/20;MAD;PVG;2018-08-17 10:00;2018-08-18 18:15:00.0;2018-08-20 16:45:00.0;2018-08-23 22:58
BRU521220;KL;421/20;BRU;MCT;2018-08-09 15:00;2018-08-19 11:00:00.0;2018-08-20 22:10:00.0;
KIX673039;MH;194/20;KIX;BOM;2018-08-10 15:00;2018-08-18 09:55:00.0;2018-08-20 22:25:00.0;2018-08-21 16:48
ICN596745;CV;6356/19;ICN;OTP;2018-08-16 16:00;2018-08-19 01:00:00.0;2018-08-23 15:00:00.0;2018-08-23 15:00
NKG210492;RU;303/22;PVG;VCP;2018-08-15 16:00;2018-08-22 02:00:00.0;2018-08-29 12:00:00.0;
ICN941582;5Y;035/21;ICN;MAO;2018-08-17 10:00;2018-08-18 22:05:00.0;2018-08-21 07:00:00.0;2018-08-21 11:30
CEB820650;PR;736/18;CEB;BKK;2018-08-17 16:00;2018-08-18 04:10:00.0;2018-08-20 16:45:00.0;2018-08-20 21:33
CEB820652;PR;736/18;CEB;BKK;2018-08-17 16:00;2018-08-18 04:10:00.0;2018-08-19 16:45:00.0;2018-08-19 15:15
CEB820658;CX;669/19;CEB;BKK;2018-08-17 16:00;2018-08-18 12:10:00.0;2018-08-19 16:10:00.0;2018-08-19 16:35
CEB820662;CX;701/19;CEB;BKK;2018-08-17 16:00;2018-08-18 12:10:00.0;2018-08-19 17:50:00.0;2018-08-19 15:48
SZX141193;CX;3272/19;SZX;MIA;2018-08-17 10:00;2018-08-18 22:00:00.0;2018-08-19 06:00:00.0;2018-08-22 12:40
BRU521314;CV;7647/19;BRU;VCP;2018-08-17 06:26;2018-08-17 22:00:00.0;2018-08-20 06:35:00.0;2018-08-20 03:40
XMN341717;MH;359/20;XMN;DEL;;2018-08-20 23:00:00.0;2018-08-21 10:00:00.0;2018-08-23 12:50
LHR315651;EY;878/21;LHR;NRT;2018-08-12 05:05;2018-08-20 15:00:00.0;2018-08-22 12:45:00.0;2018-08-24 09:00
MDE623476;QT;702QT;MDE;MIA;;2018-08-16 19:00:00.0;2018-08-16 22:00:00.0;
WRO331451;W8;7145/19;WRO;BOG;2018-08-10 15:00;2018-08-17 18:00:00.0;2018-08-19 21:45:00.0;2018-08-20 08:00
ZGN085931;PO;966/20;HKG;FRA;2018-08-17 12:45;2018-08-20 11:00:00.0;2018-08-20 23:00:00.0;2018-08-23 09:00
ZGN085936;CA;965/21;HKG;FRA;2018-08-18 11:49;2018-08-20 14:20:00.0;2018-08-21 00:00:00.0;2018-08-22 10:00
ZGN085937;CX;037/20;HKG;FRA;2018-08-18 11:50;2018-08-19 22:00:00.0;2018-08-20 00:00:00.0;2018-08-21 10:00
ZGN085938;CX;037/20;HKG;FRA;2018-08-18 11:50;2018-08-19 22:00:00.0;2018-08-20 00:00:00.0;2018-08-21 10:00
ZGN085940;RU;222/22;HKG;FRA;2018-08-18 11:51;2018-08-22 01:15:00.0;2018-08-22 15:15:00.0;2018-08-24 10:00
KIX673066;KL;8801/19;KIX;MXP;2018-08-17 10:00;2018-08-21 10:25:00.0;2018-08-21 00:00:00.0;
ICN596866;W8;566/20;ICN;YYC;2018-08-17 11:00;2018-08-19 18:40:00.0;2018-08-20 00:00:00.0;
KIX104585;5Y;035/21;KIX;MAO;;2018-08-18 10:50:00.0;2018-08-22 02:25:00.0;2018-08-21 11:30
SGN573250;QR;957/24;SGN;LIL;;2018-08-24 09:10:00.0;2018-08-28 08:00:00.0;
PVG919725;NH;8421/19;PVG;BKK;2018-08-16 04:51;2018-08-19 01:00:00.0;2018-08-19 07:20:00.0;2018-08-21 08:55
PVG919800;CK;205/21;PVG;AMS;2018-08-19 18:00;2018-08-21 04:00:00.0;2018-08-21 08:45:00.0;2018-08-21 11:11
PVG920041;RU;616/20;PVG;CDG;2018-08-17 10:00;2018-08-18 23:55:00.0;2018-08-19 18:25:00.0;2018-08-23 11:07
PVG920046;CV;6992/21;PVG;CDG;2018-08-17 10:00;2018-08-21 23:55:00.0;2018-08-22 07:00:00.0;
PVG920070;CV;699/17;PVG;MST;2018-08-16 10:57;2018-08-17 23:55:00.0;2018-08-18 06:55:00.0;2018-08-21 12:00
PVG920071;EK;9889/22;PVG;BOM;2018-08-14 15:02;2018-08-22 05:00:00.0;2018-08-22 10:00:00.0;2018-08-23 11:18
PVG920083;CV;699/20;PVG;MST;2018-08-20 18:00;2018-08-20 23:55:00.0;2018-08-21 06:55:00.0;2018-08-22 12:45
PVG920104;EY;987/23;PVG;BOG;2018-08-17 18:00;2018-08-18 02:00:00.0;2018-08-30 19:00:00.0;2018-08-24 08:00
PVG920118;BR;656/20;PVG;ORD;2018-08-16 04:51;2018-08-19 03:15:00.0;2018-08-20 05:50:00.0;2018-08-22 13:48
PVG920215;RU;298/18;PVG;BEG;2018-08-17 18:00;2018-08-18 02:00:00.0;2018-08-24 12:00:00.0;
PVG920439;AC;088/20;PVG;YYZ;2018-08-17 04:50;2018-08-20 20:00:00.0;2018-08-22 08:00:00.0;
PVG920444;CA;1056/19;PVG;JFK;2018-08-15 04:53;2018-08-19 22:00:00.0;2018-08-20 12:25:00.0;2018-08-22 13:10
PVG920450;CA;1035/19;PVG;AMS;2018-08-17 23:00;2018-08-18 00:50:00.0;2018-08-19 08:30:00.0;2018-08-19 11:34
PVG920477;;;PVG;SJO;2018-08-17 15:21;2018-08-19 22:00:00.0;2018-08-23 20:57:00.0;2018-08-23 13:05
PVG920488;M3;8425/24;PVG;MAO;2018-08-17 18:22;2018-08-21 03:00:00.0;2018-08-24 21:00:00.0;
PVG920490;CA;1041/19;PVG;DUS;2018-08-18 18:00;2018-08-19 09:50:00.0;2018-08-22 00:00:00.0;
PVG920530;CK;211/19;PVG;BER;2018-08-18 18:00;2018-08-19 06:00:00.0;2018-08-21 10:00:00.0;
PVG920532;CV;7857/19;CGO;EIN;2018-08-17 18:00;2018-08-19 23:10:00.0;2018-08-20 06:15:00.0;2018-08-23 11:00
PVG920628;OZ;385/21;PVG;SIN;2018-08-17 04:50;2018-08-20 04:00:00.0;2018-08-20 21:30:00.0;2018-08-21 13:10
PVG920642;M3;8425/24;PVG;MAO;2018-08-17 18:21;2018-08-21 03:00:00.0;2018-08-24 21:00:00.0;
PVG920645;EK;524/20;PVG;HYD;2018-08-17 16:51;2018-08-19 05:00:00.0;2018-08-21 02:45:00.0;
PVG920686;5Y;033/26;PVG;EZE;2018-08-21 03:27;2018-08-22 03:00:00.0;2018-08-21 19:45:00.0;
PVG920687;RFS;9293/24;PVG;GDL;2018-08-17 04:11;2018-08-21 00:20:00.0;2018-08-23 14:00:00.0;
PVG920689;KE;245/24;PVG;BOG;2018-08-18 11:27;2018-08-23 03:00:00.0;2018-08-24 00:01:00.0;
PVG920695;OZ;988/20;PVG;ICN;2018-08-17 04:50;2018-08-20 04:00:00.0;2018-08-20 07:35:00.0;
KIX104586;EK;261/20;KIX;GRU;;2018-08-17 23:40:00.0;2018-08-20 18:15:00.0;2018-08-19 15:44
AMS903036;5Y;600/18;AMS;HSV;;2018-08-17 21:00:00.0;2018-08-19 20:10:00.0;
AMS810190;IB;6845/19;AMS;EZE;2018-08-14 18:00;2018-08-18 12:15:00.0;2018-08-19 23:59:00.0;
WAW118483;EK;0392/20;WRO;SGN;2018-08-16 15:00;2018-08-17 19:00:00.0;2018-08-21 20:00:00.0;2018-08-22 09:00
LHR315737;TK;6514T/21;LHR;NBO;2018-08-15 16:13;2018-08-19 18:00:00.0;2018-08-21 21:45:00.0;
NRT204395;UA;804/17;NRT;IAD;2018-08-16 16:00;2018-08-17 16:10:00.0;2018-08-17 15:45:00.0;2018-08-17 21:06
TPE606908;BR;6535/17;TPE;HKG;;2018-08-17 23:25:00.0;2018-08-18 01:20:00.0;
TPE606925;TR;897/18;TPE;SIN;2018-08-17 18:30;2018-08-18 01:35:00.0;2018-08-18 06:00:00.0;
ICN596921;KE;505/19;ICN;WRO;2018-08-18 11:00;2018-08-19 14:25:00.0;2018-08-26 10:00:00.0;
KIX104588;KE;251/23;KIX;MAO;;2018-08-22 19:00:00.0;2018-08-27 01:45:00.0;
ICN596958;KE;897/18;ICN;PVG;2018-08-16 09:00;2018-08-18 11:10:00.0;2018-08-19 12:25:00.0;2018-08-21 20:19
HAN111367;KE;273/18;HAN;VCP;;2018-08-18 04:20:00.0;2018-08-19 13:45:00.0;2018-08-19 13:10
HAN111368;QR;773/19;HAN;GRU;;2018-08-18 09:10:00.0;2018-08-19 17:20:00.0;2018-08-19 17:18
HAN111371;EK;9917/20;HAN;VCP;;2018-08-18 01:30:00.0;2018-08-21 04:45:00.0;2018-08-21 04:40
HAN111373;TK;015/22;HAN;GRU;;2018-08-19 23:20:00.0;2018-08-22 16:50:00.0;2018-08-21 16:43
MNL993943;WY;123/20;MNL;MUC;;2018-08-18 07:15:00.0;2018-08-20 19:00:00.0;2018-08-25 08:00
MNL993945;OZ;702/18;MNL;ICN;;2018-08-18 12:15:00.0;2018-08-19 16:50:00.0;
MNL993946;WY;123/20;MNL;MUC;;2018-08-18 07:15:00.0;2018-08-20 19:00:00.0;2018-08-25 08:00
CDG766158;MU;570/19;CDG;PVG;2018-08-18 08:51;2018-08-19 20:25:00.0;2018-08-20 13:30:00.0;2018-08-22 22:48
CDG766162;AF;276/19;CDG;NRT;2018-08-18 09:18;2018-08-19 13:30:00.0;2018-08-20 09:50:00.0;2018-08-22 11:00
CDG766164;AF;276/19;CDG;NRT;2018-08-17 08:00;2018-08-19 13:30:00.0;2018-08-20 09:50:00.0;2018-08-22 11:00
CDG766175;MS;800/19;CDG;CAI;2018-08-13 12:00;2018-08-19 15:40:00.0;2018-08-19 20:05:00.0;
LUX362234;FZ;0717/23;PRG;EVN;2018-08-14 19:30;2018-08-22 08:40:00.0;2018-08-23 17:45:00.0;
TPE607018;CA;1044/19;TPE;MUC;2018-08-17 14:00;2018-08-19 08:00:00.0;2018-08-22 09:00:00.0;2018-08-23 09:35
BCN198190;EK;9704/26;BCN;DXB;2018-08-14 11:00;2018-08-26 22:00:00.0;2018-08-27 06:00:00.0;
BCN198193;KL;451/29;BCN;AUH;2018-08-14 10:00;2018-08-28 20:00:00.0;2018-08-29 20:00:00.0;
MNL993967;OZ;702/18;MNL;ICN;2018-08-16 20:00;2018-08-18 12:15:00.0;2018-08-19 16:50:00.0;
BUE059021;KL;702/18;EZE;AMS;;2018-08-25 17:00:00.0;2018-08-19 10:00:00.0;
CDG766232;CX;260/19;CDG;MFM;2018-08-17 07:28;2018-08-19 12:20:00.0;2018-08-20 06:15:00.0;2018-08-22 14:34
CDG766233;BR;088/18;CDG;TPE;2018-08-16 16:00;2018-08-18 11:51:00.0;2018-08-19 06:57:00.0;2018-08-20 08:00
CDG766235;AF;3634/18;CDG;EWR;2018-08-17 07:28;2018-08-18 13:30:00.0;2018-08-18 16:00:00.0;
CDG766236;AA;063/19;CDG;MIA;2018-08-17 07:28;2018-08-19 11:20:00.0;2018-08-19 15:45:00.0;2018-08-21 12:00
WAW118489;DE;2032/19;WAW;SEA;2018-08-14 10:02;2018-08-16 20:00:00.0;2018-08-19 11:45:00.0;
KRK605843;QR;8173/19;WRO;MEX;2018-08-16 12:00;2018-08-17 18:00:00.0;2018-08-20 03:00:00.0;2018-08-20 10:30
PNH010124;QR;8271/22;PNH;ZAZ;;2018-08-20 20:10:00.0;2018-08-22 18:20:00.0;
PNH010126;TK;6411/21;PNH;MAD;;2018-08-18 00:00:00.0;2018-08-23 10:40:00.0;
ICN597012;LO;641/19;ICN;BUH;2018-08-17 12:00;2018-08-18 11:00:00.0;2018-08-21 16:00:00.0;2018-08-23 16:00
ICN597022;RFS;1537/22;ICN;MUC;2018-08-16 15:00;2018-08-19 14:25:00.0;2018-08-21 12:00:00.0;2018-08-24 09:16
ICN597022;KE;505/19;ICN;MUC;2018-08-16 15:00;2018-08-19 14:25:00.0;2018-08-21 12:00:00.0;2018-08-24 09:16
ICN597022;RFS;1537/23;ICN;MUC;2018-08-16 15:00;2018-08-19 14:25:00.0;2018-08-21 12:00:00.0;2018-08-24 09:16
TPE607087;NH;203/15;TPE;FRA;2018-08-17 14:00;2018-08-15 01:00:00.0;2018-08-20 00:00:00.0;2018-08-23 14:00
ICN597033;KE;897/18;ICN;PVG;2018-08-16 15:30;2018-08-18 11:10:00.0;2018-08-19 12:25:00.0;2018-08-21 20:19
PEN491619;MH;788/18;PEN;BKK;2018-08-17 00:05;2018-08-18 07:00:00.0;2018-08-18 10:00:00.0;2018-08-20 09:27
MNL994000;WY;9128/21;MNL;FRA;;2018-08-18 15:00:00.0;2018-08-22 12:00:00.0;
LHR315823;TK;054/20;LHR;SIN;2018-08-17 17:13;2018-08-19 11:30:00.0;2018-08-20 17:50:00.0;2018-08-20 20:00
WRO331479;EK;9888/21;WRO;PVG;2018-08-14 10:00;2018-08-17 18:00:00.0;2018-08-21 12:00:00.0;
FRA806092;5Y;600/18;FRA;ATL;2018-08-17 13:11;2018-08-17 22:00:00.0;2018-08-19 20:10:00.0;2018-08-24 00:40
FRA806093;5Y;600/18;FRA;ATL;2018-08-16 11:01;2018-08-17 22:00:00.0;2018-08-19 20:10:00.0;2018-08-23 18:11
FRA806095;5Y;600/18;FRA;ATL;2018-08-17 13:45;2018-08-17 22:00:00.0;2018-08-19 20:10:00.0;2018-08-23 18:23
FRA806103;CV;7767/19;FRA;ATL;2018-08-17 19:13;2018-08-18 21:00:00.0;2018-08-19 21:20:00.0;2018-08-21 15:55
AMS810232;KL;6017/18;AMS;BOS;2018-08-17 12:00;2018-08-18 10:20:00.0;2018-08-18 12:40:00.0;2018-08-20 06:11
MST830316;QR;908/20;MST;SYD;2018-08-17 09:56;2018-08-19 19:15:00.0;2018-08-21 18:45:00.0;
MST830318;QR;8980/20;MST;ICN;2018-08-17 08:55;2018-08-18 22:35:00.0;2018-08-21 13:55:00.0;
BKK305686;CX;618/18;BKK;HKG;2018-08-17 13:42;2018-08-18 12:00:00.0;2018-08-18 16:15:00.0;2018-08-20 09:40
BIO079849;BA;0139/20;BIO;BOM;2018-08-16 10:00;2018-08-17 16:00:00.0;2018-08-20 10:00:00.0;
BRU521470;QR;858/20;BRU;ICN;2018-08-17 10:00;2018-08-18 15:30:00.0;2018-08-21 17:00:00.0;
BLR872909;CX;808/21;BLR;PVG;;2018-08-21 01:10:00.0;2018-08-21 20:40:00.0;
FRA806105;W8;7145/19;FRA;ATL;2018-08-15 00:53;2018-08-18 17:00:00.0;2018-08-27 19:35:00.0;2018-08-22 19:05
SGN573327;KE;682/21;SGN;ICN;;2018-08-21 13:55:00.0;2018-08-21 21:25:00.0;
LNZ727689;QY;519/21;LNZ;BLR;2018-08-16 14:00;2018-08-17 20:00:00.0;2018-08-21 16:35:00.0;2018-08-23 14:00
BCN198224;EK;188/25;BCN;DXB;2018-08-16 10:00;2018-08-25 20:00:00.0;2018-08-26 07:35:00.0;
BRU521476;UA;0149/18;BRU;GRU;2018-08-16 16:00;2018-08-18 10:00:00.0;2018-08-19 08:50:00.0;2018-08-19 09:34
BRU521477;LO;079/19;BRU;NRT;2018-08-16 15:00;2018-08-18 19:30:00.0;2018-08-23 08:40:00.0;
BRU521478;QR;858/20;BRU;ICN;2018-08-17 10:00;2018-08-18 15:30:00.0;2018-08-21 17:00:00.0;
BRU521480;RFS;607/20;BRU;GDL;2018-08-16 15:00;2018-08-17 22:00:00.0;2018-08-21 16:00:00.0;2018-08-22 13:00
CDG766257;CV;9761/20;CDG;ALA;2018-08-17 10:00;2018-08-18 13:00:00.0;2018-08-20 16:40:00.0;
CDG766258;CV;9761/20;CDG;ALA;2018-08-17 10:00;2018-08-18 13:00:00.0;2018-08-20 16:40:00.0;
LHR315846;EY;878/21;LHR;NRT;2018-08-01 05:05;2018-08-20 15:00:00.0;2018-08-22 12:45:00.0;
LHR315848;NH;8071/20;LHR;KIX;2018-08-16 05:05;2018-08-18 19:00:00.0;2018-08-20 23:59:00.0;2018-08-20 12:02
MEX474863;L3;5215/20;MEX;PTY;2018-08-17 08:00;2018-08-19 08:50:00.0;2018-08-20 01:30:00.0;
MDE623507;QT;410/23;MDE;MEX;;2018-08-24 14:30:00.0;2018-08-24 23:55:00.0;2018-08-24 09:00
SYD432905;NZ;710/18;SYD;AKL;2018-08-17 12:00;2018-08-18 13:50:00.0;2018-08-18 18:55:00.0;
TXG607156;CA;196/18;TPE;PVG;2018-08-16 18:00;2018-08-18 14:35:00.0;2018-08-18 16:40:00.0;
BKK305801;MH;6800/20;BKK;PEN;2018-08-18 16:00;2018-08-19 17:15:00.0;2018-08-20 19:00:00.0;
HAN383758;CV;7536C/18;HAN;BUD;;2018-08-18 01:00:00.0;2018-08-22 19:30:00.0;2018-08-21 08:30
TPE607166;CI;5637B/19;TPE;MUC;2018-08-17 10:00;2018-08-19 01:00:00.0;2018-08-21 09:00:00.0;2018-08-22 09:00
HKG603681;AC;008/21;HKG;YVR;2018-08-20 14:18;2018-08-21 12:45:00.0;2018-08-21 00:00:00.0;2018-08-21 16:55
AMS810254;QR;8157/23;AMS;EZE;2018-08-16 15:00;2018-08-21 18:00:00.0;2018-08-24 10:00:00.0;
BKK305820;9W;069/18;BKK;BOM;2018-08-17 13:00;2018-08-18 15:15:00.0;2018-08-18 18:25:00.0;2018-08-20 10:38
BKK305821;9W;069/18;BKK;BOM;2018-08-17 13:00;2018-08-18 15:15:00.0;2018-08-18 18:25:00.0;2018-08-20 10:38
TPE607184;CV;6916A/18;TPE;MUC;2018-08-17 10:00;2018-08-18 01:00:00.0;2018-08-20 14:00:00.0;2018-08-22 10:45
FRA806119;7L;041/20;FRA;PVG;2018-08-18 21:00;2018-08-18 21:00:00.0;2018-08-20 16:00:00.0;
FRA806120;CV;7986/19;FRA;PVG;2018-08-17 23:52;2018-08-17 22:00:00.0;2018-08-19 21:45:00.0;
FRA806124;7L;041/20;FRA;PVG;2018-08-18 21:00;2018-08-18 21:00:00.0;2018-08-20 16:00:00.0;
BUD896683;QR;8960/21;BUD;PVG;2018-08-16 18:00;2018-08-19 18:00:00.0;2018-08-21 03:30:00.0;2018-08-22 13:00
SGN573439;CI;5168/26;SGN;GDL;;2018-08-22 13:10:00.0;2018-08-26 23:30:00.0;
PNH010145;QR;8185/21;PNH;ZAZ;;2018-08-19 09:00:00.0;2018-08-21 18:55:00.0;
KUL032290;CX;913/19;KUL;MNL;2018-08-15 19:55;2018-08-18 17:45:00.0;2018-08-19 22:50:00.0;
EIN996070;EY;878/19;EIN;NRT;2018-08-16 12:00;2018-08-18 19:25:00.0;2018-08-20 12:45:00.0;
FRA806137;5Y;600/18;FRA;ATL;2018-08-17 13:46;2018-08-17 22:00:00.0;2018-08-19 20:10:00.0;2018-08-22 19:06
FRA806140;CV;7767/19;FRA;ATL;2018-08-17 19:53;2018-08-18 21:00:00.0;2018-08-19 21:20:00.0;
TXG607197;NH;203/15;TPE;NUE;2018-08-17 07:00;2018-08-15 01:00:00.0;2018-08-22 10:00:00.0;2018-08-22 19:20
TPE607205;QR;8157C/20;TPE;EIN;2018-08-17 18:00;2018-08-20 01:00:00.0;2018-08-20 16:00:00.0;2018-08-23 12:00
PEN491668;MH;180/19;PEN;MAA;2018-08-15 00:05;2018-08-19 09:55:00.0;2018-08-19 22:45:00.0;2018-08-19 10:28
TPE607206;QR;8157C/20;TPE;LHR;2018-08-17 14:00;2018-08-20 01:00:00.0;2018-08-21 20:00:00.0;
TPE607208;QR;8157C/20;TPE;BUD;2018-08-17 16:00;2018-08-20 01:00:00.0;2018-08-20 10:00:00.0;2018-08-22 20:00
PEN491669;BA;0016/21;PEN;LAX;2018-08-17 12:10;2018-08-19 15:10:00.0;2018-08-21 07:40:00.0;2018-08-22 20:20
MNL994036;WY;9128/21;MNL;FRA;2018-08-17 16:00;2018-08-18 15:00:00.0;2018-08-22 12:00:00.0;
EIN996105;LH;780/18;EIN;NKG;2018-08-15 12:14;2018-08-18 18:25:00.0;2018-08-19 11:05:00.0;
EIN996110;LH;740/22;EIN;KIX;2018-08-15 12:37;2018-08-22 13:45:00.0;2018-08-23 23:59:00.0;2018-08-23 12:14
IST979280;LO;0003/20;IST;ORD;2018-08-15 16:39;2018-08-18 17:30:00.0;2018-08-23 19:35:00.0;
EIN996117;LH;6648/22;EIN;KIX;2018-08-15 13:37;2018-08-21 22:30:00.0;2018-08-23 23:59:00.0;2018-08-23 14:30
XMN341759;MF;8667/18;XMN;DXB;2018-08-17 18:00;2018-08-18 23:00:00.0;2018-08-22 10:00:00.0;
IST979304;OZ;0987/21;IST;PVG;;2018-08-18 17:50:00.0;2018-08-21 01:50:00.0;
IST979306;OZ;0987/21;IST;PVG;;2018-08-18 17:50:00.0;2018-08-21 01:50:00.0;
IST979309;MS;0964/18;IST;NRT;2018-08-15 09:56;2018-08-18 01:55:00.0;2018-08-19 18:30:00.0;
IST979311;MS;0964/18;IST;NRT;2018-08-15 10:01;2018-08-18 01:55:00.0;2018-08-19 18:30:00.0;
IST979312;MS;0964/18;IST;NRT;2018-08-15 10:03;2018-08-18 01:55:00.0;2018-08-19 18:30:00.0;
IST979313;MS;0964/18;IST;NRT;2018-08-15 10:04;2018-08-18 01:55:00.0;2018-08-19 18:30:00.0;
IST979314;MS;0964/18;IST;NRT;2018-08-15 10:06;2018-08-18 01:55:00.0;2018-08-19 18:30:00.0;
IST979321;MS;0964/18;IST;NRT;2018-08-15 10:19;2018-08-18 01:55:00.0;2018-08-19 18:30:00.0;
IST979324;MS;0964/18;IST;NRT;2018-08-15 10:34;2018-08-18 01:55:00.0;2018-08-19 18:30:00.0;
IST979329;QR;8982/21;IST;ICN;2018-08-15 11:17;2018-08-20 13:25:00.0;2018-08-24 09:50:00.0;
IST979330;QR;8982/21;IST;ICN;2018-08-15 11:21;2018-08-20 13:25:00.0;2018-08-24 09:50:00.0;
IST979332;QR;8982/21;IST;ICN;2018-08-15 13:46;2018-08-20 13:25:00.0;2018-08-24 09:50:00.0;
IST979353;PS;0241/21;IST;YYZ;2018-08-15 14:08;2018-08-18 06:05:00.0;2018-08-21 00:00:00.0;
IST979376;SQ;0285/19;IST;AKL;2018-08-15 15:15;2018-08-18 13:30:00.0;2018-08-20 10:50:00.0;
IST979377;QR;0970/20;IST;SGN;2018-08-15 15:20;2018-08-18 19:45:00.0;2018-08-20 13:55:00.0;2018-08-21 09:00
IST979378;QR;0970/20;IST;SGN;2018-08-15 15:17;2018-08-18 19:45:00.0;2018-08-20 13:55:00.0;2018-08-21 09:00
IST979380;QR;0970/20;IST;SGN;2018-08-15 15:27;2018-08-18 19:45:00.0;2018-08-20 13:55:00.0;2018-08-21 09:00
IST979381;KL;0749/21;IST;BOG;2018-08-15 16:54;2018-08-19 16:00:00.0;2018-08-21 14:00:00.0;2018-08-22 08:00
IST979382;KL;0749/21;IST;BOG;2018-08-15 16:56;2018-08-19 16:00:00.0;2018-08-21 14:00:00.0;2018-08-22 08:00
BUE059030;LA;8252/20;EZE;SCL;;2018-08-23 10:00:00.0;2018-08-23 13:00:00.0;2018-08-23 12:15
EIN996132;KA;906/20;EIN;PEK;2018-08-15 15:25;2018-08-19 14:05:00.0;2018-08-20 22:30:00.0;
POA129107;QT;4087/26;VCP;ASU;2017-12-15 12:00;2018-08-22 22:30:00.0;2018-08-26 23:30:00.0;
BKK305852;TG;491/18;BKK;AKL;2018-08-17 12:00;2018-08-18 18:45:00.0;2018-08-19 10:45:00.0;
EIN996138;KA;906/20;EIN;PEK;2018-08-15 15:58;2018-08-19 14:05:00.0;2018-08-20 22:30:00.0;
PRG603329;RU;221/21;PRG;PEK;2018-08-16 14:00;2018-08-20 16:00:00.0;2018-08-20 06:55:00.0;
PRG603331;RU;221/21;PRG;PEK;2018-08-17 11:00;2018-08-17 18:00:00.0;2018-08-22 02:00:00.0;
IST979385;TK;0026/19;IST;PVG;;2018-08-19 01:20:00.0;2018-08-19 16:50:00.0;
IST979386;TK;0026/19;IST;PVG;2018-08-15 10:54;2018-08-19 01:20:00.0;2018-08-19 16:50:00.0;
IST979387;QR;8416/20;IST;HKG;;2018-08-18 19:45:00.0;2018-08-21 08:50:00.0;2018-08-24 16:10
BKK305854;QR;0059/20;BKK;MUC;2018-08-17 09:50;2018-08-18 09:05:00.0;2018-08-20 12:00:00.0;2018-08-21 09:00
IST979394;SQ;0876/21;IST;TPE;;2018-08-19 13:30:00.0;2018-08-21 13:15:00.0;2018-08-21 15:00
IST979396;PS;0241/20;IST;YYZ;;2018-08-19 06:05:00.0;2018-08-20 00:00:00.0;
LHR315911;CV;7604/23;LHR;VCP;2018-08-16 18:45;2018-08-18 20:00:00.0;2018-08-24 04:30:00.0;2018-08-24 05:10
LHR315912;TG;305/19;LHR;RGN;2018-08-15 17:30;2018-08-18 12:30:00.0;2018-08-19 18:40:00.0;
LHR315913;CV;7604/23;LHR;VCP;2018-08-16 18:45;2018-08-18 20:00:00.0;2018-08-24 04:30:00.0;2018-08-24 05:10
LHR315914;AM;008/19;LHR;MEX;2018-08-16 21:06;2018-08-19 22:30:00.0;2018-08-20 04:30:00.0;2018-08-20 11:24
LHR315916;AM;008/19;LHR;MEX;2018-08-16 16:18;2018-08-19 22:30:00.0;2018-08-20 04:30:00.0;2018-08-20 11:24
LHR315919;AM;008/19;LHR;MEX;2018-08-16 20:10;2018-08-19 22:30:00.0;2018-08-20 04:30:00.0;2018-08-20 11:24
LHR315923;DE;025/19;LGW;VVI;2018-08-16 18:45;2018-08-18 09:05:00.0;2018-08-20 09:30:00.0;
SNN819267;CX;564/19;SNN;TPE;2018-08-17 13:00;2018-08-17 17:30:00.0;2018-08-19 10:00:00.0;2018-08-20 08:00
LHR315924;BA;249/19;LHR;GIG;2018-08-15 18:36;2018-08-19 12:30:00.0;2018-08-19 20:15:00.0;2018-08-20 10:06
LHR315926;BA;249/19;LHR;GIG;2018-08-15 18:31;2018-08-19 12:30:00.0;2018-08-19 20:15:00.0;2018-08-20 10:06
QRO404900;M7;8055/26;MEX;GIG;2018-08-17 08:00;2018-08-23 13:05:00.0;2018-08-26 08:30:00.0;
MDE623512;LA;577/20;MDE;SCL;2018-08-17 11:30;2018-08-21 14:30:00.0;2018-08-21 23:55:00.0;2018-08-22 16:00
QRO404901;5Y;607/21;MEX;ZIW;2018-08-16 12:00;2018-08-21 03:50:00.0;2018-08-24 12:00:00.0;
ICN597076;KE;897/19;ICN;PVG;2018-08-17 11:00;2018-08-19 11:10:00.0;2018-08-19 12:25:00.0;
ICN597084;KL;935/19;ICN;DUB;2018-08-17 11:00;2018-08-19 00:55:00.0;2018-08-19 12:45:00.0;
ICN597091;CV;6356/19;ICN;EIN;2018-08-17 15:00;2018-08-19 01:00:00.0;2018-08-20 09:00:00.0;2018-08-21 15:45
ICN597093;CV;6356/19;ICN;EIN;2018-08-16 15:00;2018-08-19 01:00:00.0;2018-08-20 09:00:00.0;2018-08-20 15:30
ICN597227;KE;897/18;ICN;PVG;2018-08-16 13:00;2018-08-18 11:10:00.0;2018-08-19 12:25:00.0;2018-08-19 23:58
ICN597231;KE;855/19;ICN;PEK;2018-08-17 11:00;2018-08-19 10:40:00.0;2018-08-19 12:10:00.0;
ICN597234;KE;505/19;ICN;BUD;2018-08-17 10:00;2018-08-19 14:25:00.0;2018-08-19 14:50:00.0;2018-08-21 13:30
TPE607245;BR;869/18;TPE;HKG;2018-08-16 18:00;2018-08-18 12:40:00.0;2018-08-18 14:25:00.0;
TPE607258;CV;7977/19;TPE;EIN;2018-08-17 10:00;2018-08-19 01:00:00.0;2018-08-21 10:00:00.0;
PEN491671;MH;804/18;PEN;MNL;2018-08-16 00:05;2018-08-18 09:55:00.0;2018-08-18 21:25:00.0;
ICN733517;AA;280/17;ICN;GRU;2018-08-17 10:00;2018-08-17 17:25:00.0;2018-08-19 07:25:00.0;2018-08-19 10:05
BKK305860;AF;6720/20;BKK;MEX;2018-08-18 10:30;2018-08-19 12:05:00.0;2018-08-20 12:35:00.0;
ICN597250;KE;657/18;ICN;BKK;2018-08-16 16:00;2018-08-18 09:05:00.0;2018-08-18 12:45:00.0;2018-08-18 15:23
SGN080474;EK;9274/24;SGN;MAO;;2018-08-20 23:55:00.0;2018-08-24 14:00:00.0;
SGN573454;RU;6137/25;SGN;NUE;;2018-08-22 04:30:00.0;2018-08-28 00:00:00.0;
BKK305870;CV;7977A/19;BKK;FRA;;2018-08-19 01:00:00.0;2018-08-21 12:00:00.0;
TPE607277;NH;217/19;TPE;MUC;2018-08-17 17:00;2018-08-18 10:30:00.0;2018-08-19 17:20:00.0;2018-08-25 10:00
TPE607282;CV;797/19;TPE;BKK;2018-08-17 11:00;2018-08-19 07:40:00.0;2018-08-19 10:30:00.0;2018-08-20 10:24
PEN491674;MH;804/18;PEN;MNL;2018-08-17 00:05;2018-08-18 09:55:00.0;2018-08-18 21:25:00.0;
SGN080475;EK;9274/24;SGN;MAO;;2018-08-20 23:55:00.0;2018-08-24 14:00:00.0;
PEN491675;M3;8425/24;PEN;MAO;2018-08-15 00:00;2018-08-19 13:45:00.0;2018-08-22 09:10:00.0;2018-08-23 14:55
HEL705480;QT;707/25;HEL;CLO;2018-08-16 13:00;2018-08-20 14:00:00.0;2018-08-25 11:30:00.0;
PRG603335;LA;8065/20;PRG;GRU;2018-08-17 09:00;2018-08-17 18:00:00.0;2018-08-21 05:15:00.0;2018-08-21 05:23
BLR872941;EK;9987/20;BLR;ORD;2018-08-17 12:00;2018-08-18 20:08:00.0;2018-08-20 12:10:00.0;2018-08-22 22:09
BLR872942;EK;9987/20;BLR;ORD;2018-08-17 12:00;2018-08-18 20:08:00.0;2018-08-20 12:10:00.0;2018-08-23 22:10
BLR872944;EK;9987/20;BLR;ORD;2018-08-17 12:00;2018-08-18 20:05:00.0;2018-08-20 12:15:00.0;2018-08-22 22:09
BLR872947;QR;8111/21;BLR;NUE;2018-08-17 10:00;2018-08-21 01:00:00.0;2018-08-20 00:00:00.0;
MNL994055;5Y;037/23;MNL;MAO;;2018-08-17 23:30:00.0;2018-08-19 06:20:00.0;2018-08-23 10:50
WAW118498;EK;0348/21;WRO;SIN;2018-08-16 12:00;2018-08-17 17:00:00.0;2018-08-21 21:33:00.0;2018-08-22 01:00
KHH607294;CI;701/19;KHH;MNL;2018-08-17 08:00;2018-08-19 07:25:00.0;2018-08-19 09:35:00.0;
SZX141263;QT;601/22;HKG;LIM;2018-08-17 13:00;2018-08-19 22:00:00.0;2018-08-22 15:20:00.0;2018-08-22 21:30
TPE607298;AF;224S/20;TPE;WAW;2018-08-17 13:30;2018-08-20 07:00:00.0;2018-08-28 22:00:00.0;
WUH008438;KE;0882/19;WUH;QGL;2018-08-15 15:00;2018-08-19 10:00:00.0;2018-08-23 06:00:00.0;2018-08-23 10:00
LUX362305;CV;9761/20;LUX;ALA;2018-08-14 19:03;2018-08-20 06:10:00.0;2018-08-20 16:40:00.0;
LUX362308;7L;264/19;LUX;GYD;2018-08-14 19:03;2018-08-19 17:00:00.0;2018-08-19 23:40:00.0;2018-08-20 01:35
PRG603344;QR;8624/19;PRG;MAA;2018-08-17 08:00;2018-08-17 18:00:00.0;2018-08-19 23:55:00.0;2018-08-20 09:38
BKK305880;5J;930/23;BKK;MNL;;2018-08-23 10:10:00.0;2018-08-23 14:45:00.0;
MNL994058;WY;9128/21;MNL;STR;2018-08-16 11:00;2018-08-18 15:00:00.0;2018-08-23 00:00:00.0;
WRO331488;EK;9888/21;WRO;PVG;2018-08-16 10:11;2018-08-17 18:00:00.0;2018-08-21 12:00:00.0;
WAW118500;EK;0418/20;WRO;SYD;2018-08-16 10:00;2018-08-17 19:00:00.0;2018-08-21 07:40:00.0;
PUS597274;QR;8981/18;ICN;DOH;2018-08-17 10:00;2018-08-18 00:30:00.0;2018-08-18 04:10:00.0;2018-08-19 11:07
LNZ727694;7L;041/20;LNZ;PVG;2018-08-17 14:00;2018-08-17 23:00:00.0;2018-08-20 16:00:00.0;
CDG766266;CV;7641/20;CDG;VCP;2018-08-16 09:33;2018-08-17 20:00:00.0;2018-08-20 21:05:00.0;
PRG603348;LH;8412/21;PRG;BLR;2018-08-17 08:00;2018-08-17 18:00:00.0;2018-08-21 17:40:00.0;2018-08-23 14:00
MST830340;5Y;033/22;MST;SCL;2018-08-16 19:24;2018-08-17 21:00:00.0;2018-08-22 17:55:00.0;
GOT092009;CV;7602/22;GOT;CWB;2018-08-16 13:00;2018-08-17 20:00:00.0;2018-08-22 03:30:00.0;2018-08-22 06:58
SZX141269;KE;828/19;SZX;CMB;;2018-08-19 18:00:00.0;2018-08-23 15:00:00.0;
IST979426;LH;0444/20;IST;ATL;2018-08-16 17:00;2018-08-18 03:30:00.0;2018-08-20 14:30:00.0;2018-08-23 18:14
IST979428;LH;0444/20;IST;ATL;2018-08-16 17:00;2018-08-18 03:30:00.0;2018-08-20 14:30:00.0;2018-08-23 18:08
WAW118506;EK;0512/20;WRO;DEL;2018-08-16 10:00;2018-08-17 19:00:00.0;2018-08-20 04:45:00.0;2018-08-21 09:44
MST830344;MP;8560/18;MST;JNB;2018-08-16 19:18;2018-08-18 23:45:00.0;2018-08-19 10:45:00.0;
MST830346;KL;0809/19;MST;KUL;2018-08-16 19:47;2018-08-17 01:00:00.0;2018-08-19 10:00:00.0;2018-08-21 15:35
MNL994062;WY;9128/21;MNL;PRG;;2018-08-18 15:00:00.0;2018-08-23 06:00:00.0;
BKK305892;CV;7977A/19;BKK;NUE;2018-08-18 12:00;2018-08-19 01:00:00.0;2018-08-21 10:00:00.0;2018-08-21 21:35
TPE607311;CA;192/19;TPE;PVG;2018-08-17 10:00;2018-08-19 11:00:00.0;2018-08-19 12:50:00.0;
KHH607313;BR;6055/19;KHH;SIN;2018-08-17 17:00;2018-08-19 04:10:00.0;2018-08-19 13:10:00.0;2018-08-19 19:39
KHH607314;TR;993/18;KHH;SIN;;2018-08-18 17:30:00.0;2018-08-18 22:10:00.0;2018-08-20 14:00
KHH607316;TR;993/18;KHH;SIN;;2018-08-18 17:30:00.0;2018-08-18 22:10:00.0;2018-08-20 14:00
EIN996228;LH;780/19;EIN;NKG;2018-08-16 11:15;2018-08-19 18:25:00.0;2018-08-20 11:05:00.0;
FRA806161;W8;7145/19;FRA;ATL;2018-08-17 02:28;2018-08-18 17:00:00.0;2018-08-27 19:43:00.0;2018-08-23 18:05
DEL172752;EK;0440/19;DEL;ADL;;2018-08-18 11:00:00.0;2018-08-19 20:05:00.0;
GOT092019;CV;7602/21;GOT;CWB;2018-08-16 13:00;2018-08-17 22:00:00.0;2018-08-22 03:30:00.0;2018-08-22 06:58
NKG210644;GB;2265/24;PVG;SJU;2018-08-17 14:00;2018-08-19 03:15:00.0;2018-08-24 05:00:00.0;
TPE136492;5Y;035/21;TPE;MAO;2018-08-17 11:21;2018-08-18 09:10:00.0;2018-08-21 07:00:00.0;2018-08-21 11:30
TPE136495;5Y;035/21;TPE;MAO;2018-08-17 15:39;2018-08-18 09:10:00.0;2018-08-21 07:00:00.0;2018-08-21 11:30
NKG210645;EK;762/20;PVG;JNB;2018-08-17 13:00;2018-08-19 05:00:00.0;2018-08-20 16:25:00.0;
BKK305898;BR;271/20;BKK;MNL;2018-08-18 10:30;2018-08-19 14:15:00.0;2018-08-20 11:40:00.0;2018-08-22 11:20
PEN491686;KE;8243/18;PEN;NRT;2018-08-16 00:05;2018-08-18 10:25:00.0;2018-08-19 10:00:00.0;
LHR315947;VS;001/19;LHR;EWR;2018-08-16 18:45;2018-08-19 16:15:00.0;2018-08-19 19:20:00.0;2018-08-21 09:08
FRA806171;W8;7145/19;FRA;ATL;2018-08-17 02:28;2018-08-18 17:00:00.0;2018-08-27 19:51:00.0;2018-08-22 15:23
KUL032306;CI;5384/22;KUL;VCP;;2018-08-19 14:40:00.0;2018-08-19 23:59:00.0;
PEN491697;CV;7957A/19;PEN;HAJ;2018-08-16 18:10;2018-08-19 08:00:00.0;2018-08-22 09:00:00.0;
MNL994075;WY;9128/21;MNL;EIN;2018-08-16 17:00;2018-08-18 15:00:00.0;2018-08-24 12:00:00.0;
HAN383817;EK;9906/21;HAN;MAD;;2018-08-20 06:30:00.0;2018-08-22 17:00:00.0;
LUX362316;CV;7946/18;LUX;SIN;2018-08-15 13:05;2018-08-18 10:40:00.0;2018-08-19 15:10:00.0;2018-08-19 17:47
LUX362319;CI;057/21;LUX;MEL;2018-08-15 13:10;2018-08-18 18:20:00.0;2018-08-22 10:45:00.0;
BKK305903;M3;843/22;BKK;VCP;2018-08-17 20:30;2018-08-18 13:05:00.0;2018-08-23 15:10:00.0;2018-08-22 22:10
ICN597285;LH;686/18;ICN;TLV;2018-08-06 20:00;2018-08-17 14:20:00.0;2018-08-18 15:20:00.0;
WRO331498;LO;753/18;WRO;KBP;2018-08-17 10:00;2018-08-17 21:20:00.0;2018-08-18 17:15:00.0;
GOT092024;DY;209/18;GOT;BKK;2018-08-17 10:00;2018-08-17 23:00:00.0;2018-08-19 06:55:00.0;2018-08-20 09:19
MNL994085;QR;8622/18;MNL;MAA;;2018-08-17 23:30:00.0;2018-08-18 11:10:00.0;2018-08-21 10:59
BOM338217;QR;0727/23;BOM;PHL;2018-08-17 14:30;2018-08-20 06:30:00.0;2018-08-22 08:00:00.0;
TPE136497;5Y;031/21;TPE;VCP;2018-08-17 14:00;2018-08-18 09:10:00.0;2018-08-21 15:45:00.0;2018-08-21 13:17
LHR315953;AC;857/18;LHR;YYZ;2018-08-17 11:11;2018-08-18 12:05:00.0;2018-08-18 00:00:00.0;2018-08-20 14:00
BRU521506;UA;0951/18;BRU;IAD;2018-08-17 15:00;2018-08-18 12:00:00.0;2018-08-18 15:25:00.0;2018-08-21 12:50
BCN198239;CV;7981/20;BCN;TBS;2018-08-17 09:48;2018-08-17 18:00:00.0;2018-08-21 05:00:00.0;
EIN996266;5C;0941/19;EIN;JFK;2018-08-16 16:00;2018-08-19 03:45:00.0;2018-08-19 06:00:00.0;2018-08-19 13:00
KUL032310;TG;418/19;KUL;BKK;;2018-08-19 20:55:00.0;2018-08-19 22:05:00.0;2018-08-20 09:51
PRG603362;;;PRG;BLR;2018-08-17 08:00;2018-08-17 18:00:00.0;2018-08-21 17:40:00.0;2018-08-23 14:00
PEN491707;CV;7957A/19;PEN;HAJ;2018-08-17 12:10;2018-08-19 08:00:00.0;2018-08-22 08:00:00.0;2018-08-23 10:00
PEN491708;D7;330/18;PEN;PVG;2018-08-17 00:05;2018-08-17 00:05:00.0;2018-08-18 18:10:00.0;2018-08-19 23:58
FRA806180;QR;8131/18;FRA;ATL;2018-08-16 22:30;2018-08-18 10:00:00.0;2018-08-19 23:15:00.0;2018-08-22 18:54
LHR315954;VS;6269/19;LHR;MIA;2018-08-16 15:09;2018-08-19 04:30:00.0;2018-08-19 10:00:00.0;
AMS810304;MP;8320/28;AMS;JNB;2018-08-16 17:00;2018-08-28 22:45:00.0;2018-08-29 10:45:00.0;
BOM338225;BA;6403/21;BOM;MEX;;2018-08-20 13:30:00.0;2018-08-21 23:00:00.0;2018-08-20 03:21
LNZ727699;TG;642A/19;LNZ;NRT;2018-08-17 13:00;2018-08-17 22:00:00.0;2018-08-20 06:15:00.0;
INN909608;TK;720/20;INN;BOM;2018-08-17 10:00;2018-08-17 23:00:00.0;2018-08-21 04:00:00.0;2018-08-23 15:48
CDG766270;AF;442/18;CDG;GIG;2018-08-16 14:39;2018-08-18 23:30:00.0;2018-08-19 05:40:00.0;2018-08-19 06:45
EIN996285;CI;5542/18;EIN;TPE;2018-08-17 12:00;2018-08-18 22:00:00.0;2018-08-19 19:30:00.0;2018-08-19 22:33
BNA945968;5Y;8416/19;HSV;VCP;2018-08-16 09:58;2018-08-17 18:00:00.0;2018-08-19 15:00:00.0;2018-08-19 16:28
SCL026194;M3;8497/18;SCL;VCP;2018-08-17 12:30;2018-08-18 04:36:00.0;2018-08-18 10:00:00.0;2018-08-18 10:31
BUE059044;TK;0052/20;EZE;NRT;;2018-08-23 23:00:00.0;2018-08-25 10:00:00.0;
SCL026196;5X;414/18;SCL;EZE;2018-08-17 17:30;2018-08-18 03:45:00.0;2018-08-18 06:00:00.0;2018-08-21 11:01
SCL026197;AV;098/18;SCL;BOG;2018-08-17 12:30;2018-08-18 07:53:00.0;2018-08-18 13:00:00.0;2018-08-19 08:00
BUE059045;VZ;102/20;EZE;MVD;;2018-08-20 06:00:00.0;2018-08-20 08:00:00.0;2018-08-20 10:00
CPQ276011;KL;8139/26;GRU;MST;2018-08-17 13:00;2018-08-23 19:35:00.0;2018-08-28 01:40:00.0;
BRU521525;DL;043/19;BRU;JFK;2018-08-16 11:08;2018-08-19 11:00:00.0;2018-08-19 12:45:00.0;2018-08-21 18:12
SCL026200;AV;6248/18;SCL;MEX;2018-08-17 12:30;2018-08-18 06:55:00.0;2018-08-18 22:00:00.0;2018-08-20 11:18
MTY474921;5Y;607/21;MEX;CDG;2018-08-16 15:00;2018-08-24 07:00:00.0;2018-08-25 13:00:00.0;
IST979440;LH;0542/19;IST;BOG;;2018-08-19 03:30:00.0;2018-08-19 18:59:00.0;2018-08-20 08:00
IST979443;LH;8268/20;IST;CWB;;2018-08-19 03:30:00.0;2018-08-20 08:00:00.0;2018-08-21 08:00
IST979445;LH;8268/20;IST;CWB;;2018-08-19 03:30:00.0;2018-08-20 08:00:00.0;2018-08-21 08:00
BKK305926;CV;7977A/19;BKK;BUH;2018-08-17 21:00;2018-08-19 01:00:00.0;2018-08-21 20:35:00.0;
LHR315975;EY;454/20;LHR;SYD;;2018-08-19 20:45:00.0;2018-08-21 17:50:00.0;
LHR315976;AV;262/20;LHR;GUA;2018-08-16 17:30;2018-08-19 22:40:00.0;2018-08-20 16:10:00.0;
AMS810312;MP;8370/26;AMS;JNB;;2018-08-26 22:50:00.0;2018-08-27 10:40:00.0;
LHR315980;LX;0138/20;LHR;HKG;2018-08-17 19:22;2018-08-19 06:00:00.0;2018-08-20 16:30:00.0;2018-08-22 16:37
CDG766278;AF;454/18;CDG;GRU;2018-08-17 09:10;2018-08-18 23:30:00.0;2018-08-19 06:20:00.0;2018-08-19 17:07
CDG766281;AF;454/18;CDG;GRU;2018-08-17 09:13;2018-08-18 23:30:00.0;2018-08-19 06:20:00.0;2018-08-19 17:07
IZM959723;LH;0071/23;IZM;YYZ;2018-08-17 19:46;2018-08-18 08:00:00.0;2018-08-23 00:00:00.0;
LHR315987;VS;6300/19;LHR;ATL;2018-08-17 09:00;2018-08-19 07:30:00.0;2018-08-19 23:59:00.0;
LIM114383;LA;601/18;LIM;SCL;;2018-08-18 23:00:00.0;2018-08-19 23:00:00.0;2018-08-21 11:18
MAD831375;UA;1795/19;MAD;DFW;2018-08-17 09:00;2018-08-18 11:15:00.0;2018-08-18 12:30:00.0;2018-08-20 18:36
SAO755494;QT;086/22;GRU;BOG;;2018-08-22 17:00:00.0;2018-08-23 23:30:00.0;2018-08-24 08:00
MAD831378;UA;4501/19;MAD;ATL;2018-08-17 08:00;2018-08-19 11:35:00.0;2018-08-19 17:30:00.0;2018-08-22 19:16
MAD831379;UA;4501/19;MAD;ATL;2018-08-17 08:00;2018-08-19 11:35:00.0;2018-08-19 17:30:00.0;2018-08-22 19:17
IST979448;LH;8170/19;IST;ATL;2018-08-16 18:00;2018-08-19 03:30:00.0;2018-08-19 18:30:00.0;2018-08-21 16:05
IST979450;LH;0780/20;IST;NKG;2018-08-16 18:00;2018-08-19 03:30:00.0;2018-08-21 11:05:00.0;
IST979453;TK;1611/18;IST;GRU;2018-08-16 18:00;2018-08-18 09:40:00.0;2018-08-18 15:00:00.0;2018-08-18 16:39
IST979454;TK;0716/20;IST;DEL;2018-08-16 18:00;2018-08-20 20:20:00.0;2018-08-22 05:00:00.0;2018-08-23 12:46
IST979456;TK;0716/20;IST;DEL;2018-08-16 18:00;2018-08-20 20:20:00.0;2018-08-22 05:00:00.0;2018-08-23 12:46
IST979459;TK;0716/20;IST;DEL;2018-08-16 18:00;2018-08-20 20:20:00.0;2018-08-22 05:00:00.0;2018-08-23 12:46
IST979461;TK;0716/20;IST;DEL;2018-08-16 18:00;2018-08-20 20:20:00.0;2018-08-22 05:00:00.0;2018-08-23 12:46
MTY474933;M7;0001/18;MTY;MDE;2018-08-16 16:00;2018-08-18 06:00:00.0;2018-08-25 06:00:00.0;2018-08-24 09:30
BUE059047;LH;7060/19;EZE;HAJ;;2018-08-18 16:55:00.0;2018-08-20 15:00:00.0;2018-08-21 18:29
ICN597296;KE;093/17;ICN;IAD;2018-08-17 04:40;2018-08-17 10:30:00.0;2018-08-17 11:20:00.0;2018-08-17 17:50
IST979484;EK;0308/19;IST;PEK;2018-08-16 17:00;2018-08-18 19:25:00.0;2018-08-19 22:20:00.0;
IST979487;OZ;0552/19;IST;ICN;2018-08-16 17:00;2018-08-19 17:30:00.0;2018-08-22 09:20:00.0;
ICN597297;KE;895/17;ICN;PVG;2018-08-17 04:40;2018-08-17 18:55:00.0;2018-08-18 20:10:00.0;2018-08-20 13:17
SAO755498;QT;842/21;VCP;BOG;;2018-08-21 23:00:00.0;2018-08-22 23:30:00.0;2018-08-23 08:00
CLO315292;QT;4112/22;CLO;MEX;2018-08-17 02:00;2018-08-18 18:00:00.0;2018-08-22 20:00:00.0;2018-08-21 10:50
ICN597299;KE;261/17;ICN;ATL;2018-08-17 11:00;2018-08-17 23:05:00.0;2018-08-18 06:35:00.0;2018-08-20 07:24
ICN597306;KL;8451/20;ICN;CGN;2018-08-17 13:00;2018-08-19 00:55:00.0;2018-08-20 09:00:00.0;
ICN597309;CV;6356/19;ICN;ZIW;2018-08-17 15:36;2018-08-19 01:00:00.0;2018-08-20 09:00:00.0;2018-08-20 08:00
ICN597310;CV;6356/19;ICN;ZIW;2018-08-17 16:28;2018-08-19 01:00:00.0;2018-08-20 09:00:00.0;2018-08-20 08:00
ICN597312;PO;214/17;ICN;NGO;2018-08-17 11:00;2018-08-17 23:50:00.0;2018-08-18 23:59:00.0;2018-08-18 09:21
CEB820677;KE;0895/19;CEB;PVG;;2018-08-19 01:00:00.0;2018-08-19 20:10:00.0;
TPE607351;;;TPE;MAO;2018-08-17 11:30;2018-08-18 09:10:00.0;2018-08-22 21:45:00.0;2018-08-23 04:45
PNH010190;QR;8271/22;PNH;ZAZ;;2018-08-20 20:10:00.0;2018-08-22 18:20:00.0;
PNH010194;QR;8271/22;PNH;ZAZ;;2018-08-20 20:10:00.0;2018-08-22 18:20:00.0;
PNH010203;QR;8271/22;PNH;ZAZ;;2018-08-20 20:10:00.0;2018-08-22 18:20:00.0;
KUL032313;CI;5398/24;KUL;VCP;2018-08-17 20:50;2018-08-22 14:40:00.0;2018-08-19 23:59:00.0;
CEB820679;CX;717/18;CEB;BKK;2018-08-17 11:30;2018-08-17 20:20:00.0;2018-08-18 10:50:00.0;2018-08-18 14:42
ICN597327;KE;623/20;ICN;MNL;2018-08-18 16:00;2018-08-20 18:45:00.0;2018-08-20 21:55:00.0;
ICN597329;CI;163/17;ICN;TPE;2018-08-17 12:00;2018-08-17 20:45:00.0;2018-08-17 22:25:00.0;2018-08-18 00:31
HAN111404;CX;3272/19;HAN;MAO;;2018-08-18 22:40:00.0;2018-08-22 15:00:00.0;
HAN111411;CX;3272/19;HAN;MAO;;2018-08-18 22:40:00.0;2018-08-22 15:00:00.0;
HAN111412;CX;3272/19;HAN;MAO;;2018-08-18 22:40:00.0;2018-08-22 15:00:00.0;
HAN111416;CX;3272/19;HAN;MAO;;2018-08-18 22:40:00.0;2018-08-22 15:00:00.0;
PEN491710;CV;7957A/19;PEN;OPO;2018-08-17 15:10;2018-08-19 08:00:00.0;2018-08-23 18:10:00.0;
BKK305929;5Y;033/22;BKK;SCL;2018-08-18 14:10;2018-08-19 13:05:00.0;2018-08-25 21:37:00.0;
BKK305930;CV;7977A/19;BKK;VIE;;2018-08-19 01:00:00.0;2018-08-21 13:00:00.0;
BKK305931;SQ;973/18;BKK;SIN;;2018-08-18 09:40:00.0;2018-08-18 13:05:00.0;2018-08-18 19:07
PNH010205;3K;594/18;PNH;SIN;2018-08-17 21:57;2018-08-18 15:25:00.0;2018-08-19 18:25:00.0;2018-08-23 10:00
BKK152454;M3;8421/22;BKK;MAO;;2018-08-19 13:05:00.0;2018-08-21 13:00:00.0;2018-08-23 04:45
KUL032314;CV;7957A/19;KUL;MUC;2018-08-16 14:00;2018-08-19 01:00:00.0;2018-08-20 18:00:00.0;2018-08-22 09:00
PEN491712;KE;0081/19;PEN;JFK;2018-08-16 03:54;2018-08-18 08:45:00.0;2018-08-18 10:00:00.0;2018-08-19 13:00
SGN573473;QR;8171/22;SGN;STR;2018-08-18 15:00;2018-08-22 01:00:00.0;2018-08-28 00:00:00.0;
TPE136499;5Y;035/21;TPE;MAO;2018-08-17 11:11;2018-08-18 09:10:00.0;2018-08-21 07:00:00.0;2018-08-21 11:30
BKK152456;M3;843/22;BKK;VCP;;2018-08-19 13:05:00.0;2018-08-21 13:00:00.0;2018-08-22 22:10
ICN597335;KE;897/19;ICN;PVG;2018-08-17 15:00;2018-08-19 11:10:00.0;2018-08-20 12:25:00.0;2018-08-23 10:34
TPE607363;CI;116/18;TPE;FUK;2018-08-17 19:30;2018-08-18 16:45:00.0;2018-08-18 23:59:00.0;2018-08-20 15:00
PNH010214;SQ;424/19;PNH;BOM;2018-08-17 22:14;2018-08-18 09:35:00.0;2018-08-19 21:50:00.0;2018-08-20 16:23
BKK305985;CV;7977/18;BKK;RGN;;2018-08-17 13:00:00.0;;
ICN597337;KE;273/18;ICN;VCP;2018-08-17 14:00;2018-08-18 22:05:00.0;2018-08-19 13:45:00.0;2018-08-19 13:10
EIN996328;KL;0651/17;EIN;IAD;2018-08-17 06:00;2018-08-17 13:20:00.0;2018-08-17 15:40:00.0;2018-08-19 09:42
TPE607370;QR;8157C/20;TPE;WAW;2018-08-17 18:00;2018-08-20 01:00:00.0;2018-08-27 22:00:00.0;
TAO500731;LX;082/19;TAO;GRU;;2018-08-17 20:00:00.0;2018-08-20 05:00:00.0;
EIN996330;KL;6009/18;EIN;PDX;2018-08-17 10:00;2018-08-18 10:05:00.0;2018-08-18 11:20:00.0;2018-08-18 17:15
BLR872964;EK;0059/22;BLR;HAM;2018-08-17 10:00;2018-08-21 20:20:00.0;2018-08-22 00:00:00.0;
TPE607374;TK;6405/21;TPE;BUD;2018-08-17 18:30;2018-08-21 05:00:00.0;2018-08-23 10:00:00.0;2018-08-24 06:00
BLR872966;3S;310/22;BLR;HAM;2018-08-17 10:00;2018-08-21 14:31:00.0;2018-08-22 08:00:00.0;
PEN491717;CV;7957A/19;PEN;EIN;2018-08-17 15:11;2018-08-19 08:00:00.0;2018-08-19 18:10:00.0;2018-08-22 07:54
KHH607376;RU;717B/19;KHH;ZIW;2018-08-17 16:30;2018-08-19 00:45:00.0;2018-08-22 08:00:00.0;2018-08-23 11:04
BKK305992;CV;7977A/19;BKK;FRA;;2018-08-19 01:00:00.0;2018-08-21 12:00:00.0;2018-08-22 08:00
MAA558629;LH;759/20;MAA;FRA;2018-08-17 10:30;2018-08-20 05:00:00.0;2018-08-19 12:00:00.0;2018-08-21 08:00
MAA558632;LH;759/20;MAA;FRA;2018-08-17 10:30;2018-08-20 05:00:00.0;2018-08-19 12:00:00.0;2018-08-21 08:00
BKK305999;CV;7977A/19;BKK;MIL;2018-08-18 13:30;2018-08-19 01:00:00.0;2018-08-22 00:00:00.0;
BLR872971;MH;052/20;BLR;KIX;2018-08-17 12:00;2018-08-19 16:40:00.0;2018-08-21 23:59:00.0;2018-08-21 09:00
IST979491;EK;0124/18;IST;DWC;2018-08-16 17:00;2018-08-18 16:30:00.0;2018-08-18 21:50:00.0;
BLR872973;SQ;0618/20;BLR;KIX;2018-08-17 12:00;2018-08-17 23:05:00.0;2018-08-20 23:59:00.0;2018-08-20 11:53
BLR872976;SQ;3711/21;BLR;STR;2018-08-17 12:00;2018-08-21 02:00:00.0;2018-08-24 00:00:00.0;
BLR872989;MH;6174/21;BLR;PVG;2018-08-17 12:00;2018-08-19 16:30:00.0;2018-08-21 19:00:00.0;
BLR872991;MH;6174/21;BLR;PVG;2018-08-17 12:00;2018-08-19 16:30:00.0;2018-08-21 19:00:00.0;
BLR872995;CX;416/18;BLR;ICN;2018-08-16 19:00;2018-08-18 01:10:00.0;2018-08-18 19:30:00.0;
ICN597342;KE;505/19;ICN;FRA;2018-08-17 18:00;2018-08-19 14:25:00.0;2018-08-19 14:35:00.0;2018-08-22 13:00
TPE607394;NH;203/15;TPE;WAW;2018-08-17 15:00;2018-08-15 01:00:00.0;2018-08-27 10:00:00.0;2018-08-23 10:00
TPE607389;LY;076/20;TPE;TLV;2018-08-17 15:30;2018-08-18 08:15:00.0;2018-08-21 00:30:00.0;
TPE607395;NH;203/15;TPE;DUS;2018-08-17 15:00;2018-08-15 01:00:00.0;2018-08-21 00:00:00.0;
MNL994161;EK;261/19;MNL;GRU;;2018-08-17 23:25:00.0;2018-08-19 15:55:00.0;2018-08-19 15:44
MNL994164;WY;9128/21;MNL;BUD;2018-08-16 16:00;2018-08-18 15:00:00.0;2018-08-22 12:00:00.0;
TAO500733;LX;082/19;TAO;GRU;;2018-08-17 20:00:00.0;2018-08-20 05:00:00.0;
ICN597356;SQ;603/20;ICN;SIN;2018-08-20 09:30;2018-08-20 23:20:00.0;2018-08-21 04:40:00.0;2018-08-21 06:00
HAN383822;CV;9761/20;HAN;ALA;;2018-08-18 03:15:00.0;2018-08-20 17:00:00.0;
TAO500736;LX;082/19;TAO;GRU;;2018-08-17 20:00:00.0;2018-08-20 05:00:00.0;
ICN597359;PO;225/18;ICN;TPE;2018-08-17 17:00;2018-08-18 07:45:00.0;2018-08-18 09:15:00.0;2018-08-18 10:59
ICN597360;PO;225/18;ICN;TPE;2018-08-17 17:30;2018-08-18 07:45:00.0;2018-08-18 09:15:00.0;2018-08-18 10:59
PEN491721;EK;874/22;PEN;FRA;2018-08-17 15:10;2018-08-19 08:00:00.0;2018-08-22 08:00:00.0;
ICN597362;MH;6802/20;ICN;PEN;2018-08-18 15:00;2018-08-20 00:10:00.0;2018-08-21 06:00:00.0;
GOT092041;KL;791/19;GOT;GRU;2018-08-17 10:00;2018-08-18 12:05:00.0;2018-08-19 00:00:00.0;2018-08-19 16:56
PUS597357;QR;859/19;ICN;DOH;2018-08-17 10:00;2018-08-19 00:45:00.0;2018-08-19 04:35:00.0;2018-08-21 08:25
ICN597363;5Y;031/21;ICN;VCP;2018-08-17 15:00;2018-08-18 22:05:00.0;2018-08-21 15:45:00.0;2018-08-21 13:17
BTS607440;LH;8054/18;BTS;IAH;2018-08-17 08:00;2018-08-17 20:00:00.0;2018-08-18 22:00:00.0;
LUX362334;7L;264/19;LUX;GYD;2018-08-15 13:10;2018-08-19 17:00:00.0;2018-08-19 23:40:00.0;2018-08-20 01:35
PRG603388;EK;352/18;PRG;SIN;2018-08-17 09:00;2018-08-17 21:35:00.0;2018-08-19 08:50:00.0;2018-08-19 13:51
GOT092039;KL;451/19;GOT;AUH;2018-08-17 10:00;2018-08-17 20:00:00.0;2018-08-19 20:05:00.0;
GOT092043;AC;883/22;GOT;YYZ;2018-08-17 10:00;2018-08-17 20:00:00.0;2018-08-22 00:00:00.0;
BKK306011;MH;6800/20;BKK;PEN;2018-08-18 13:00;2018-08-19 17:15:00.0;2018-08-20 19:00:00.0;
DEL172762;AY;1421/20;DEL;HAM;;2018-08-19 10:20:00.0;2018-08-20 00:00:00.0;
BTS607441;EK;338/20;BTS;CEB;2018-08-17 13:00;2018-08-18 16:00:00.0;2018-08-20 16:20:00.0;2018-08-23 14:52
EIN996344;QR;8602/23;EIN;BOM;;2018-08-22 21:00:00.0;2018-08-23 21:20:00.0;2018-08-24 07:57
DEL172763;AY;1421/20;DEL;HAM;;2018-08-19 10:20:00.0;2018-08-20 08:50:00.0;
LUX362337;CV;8923/22;LUX;ALA;2018-08-16 13:00;2018-08-22 21:00:00.0;2018-08-23 07:30:00.0;2018-08-23 09:11
LHR315996;AC;849/19;LHR;YYZ;2018-08-17 14:30;2018-08-19 15:00:00.0;2018-08-19 00:00:00.0;2018-08-20 14:00
DEL172765;TK;6551/19;DEL;ATL;;2018-08-18 06:30:00.0;2018-08-19 06:30:00.0;2018-08-22 19:01
DEL172766;LH;8174/18;DEL;ATL;2018-07-23 09:30;2018-08-20 02:46:00.0;2018-08-19 18:30:00.0;2018-08-22 19:01
LUX362344;7L;401/21;LUX;TBS;2018-08-16 13:00;2018-08-19 17:00:00.0;2018-08-21 19:00:00.0;
LUX362345;CV;7147/19;LUX;JNB;2018-08-17 15:26;2018-08-19 18:00:00.0;2018-08-20 05:20:00.0;2018-08-23 16:59
ICN597372;KE;035/18;ICN;ATL;2018-08-17 17:30;2018-08-18 09:20:00.0;2018-08-18 10:10:00.0;2018-08-20 07:24
EIN996346;5C;0941/19;EIN;JFK;2018-08-17 12:00;2018-08-19 03:45:00.0;2018-08-19 08:00:00.0;2018-08-22 16:30
HKG001186;5Y;612/17;HKG;MIA;;2018-08-17 13:00:00.0;2018-08-17 22:00:00.0;
ICN597373;KA;852/18;ICN;WUH;2018-08-17 17:20;2018-08-17 20:15:00.0;2018-08-18 11:05:00.0;
EIN996356;RU;739/19;AMS;HKG;2018-08-17 15:00;2018-08-18 18:20:00.0;2018-08-19 22:35:00.0;2018-08-21 10:10
SGN573481;SQ;0241/21;SGN;SYD;2018-08-18 11:30;2018-08-19 15:00:00.0;2018-08-21 23:30:00.0;
EIN996358;KL;0807/17;EIN;TPE;2018-08-17 12:00;2018-08-17 20:50:00.0;2018-08-18 14:55:00.0;2018-08-18 16:49
ICN597376;KE;831/19;ICN;SHE;2018-08-17 16:00;2018-08-19 08:05:00.0;2018-08-19 08:55:00.0;2018-08-20 07:50
ICN597379;KE;831/19;ICN;SHE;2018-08-17 16:00;2018-08-19 08:05:00.0;2018-08-19 08:55:00.0;2018-08-20 07:50
ICN597380;KE;831/19;ICN;SHE;2018-08-17 16:00;2018-08-19 08:05:00.0;2018-08-19 08:55:00.0;2018-08-20 07:50
EIN996366;CV;7161/21;EIN;ACC;;2018-08-17 22:00:00.0;2018-08-21 04:40:00.0;
SGN573482;SQ;0177/19;SGN;SIN;2018-08-18 11:30;2018-08-19 15:00:00.0;2018-08-19 00:00:00.0;2018-08-19 19:30
BKK306019;CV;7977A/19;BKK;CPH;2018-08-18 13:30;2018-08-19 01:00:00.0;2018-08-23 09:00:00.0;2018-08-24 13:11
GOT092050;IB;6301/29;GOT;SJU;2018-08-15 00:00;2018-08-25 22:00:00.0;2018-08-29 18:35:00.0;
PEN491730;KE;8243/18;PEN;ATL;2018-08-17 00:05;2018-08-18 10:25:00.0;2018-08-18 02:25:00.0;2018-08-21 16:32
IST979497;TK;0720/19;IST;BOM;2018-08-17 13:00;2018-08-19 20:00:00.0;2018-08-22 04:45:00.0;2018-08-23 10:02
PEN491732;KE;8243/18;PEN;ATL;2018-08-17 00:05;2018-08-18 10:25:00.0;2018-08-18 02:25:00.0;2018-08-21 00:46
PEN491733;KE;8243/18;PEN;ATL;2018-08-17 00:05;2018-08-18 10:25:00.0;2018-08-18 02:25:00.0;2018-08-21 00:46
PEN491734;KE;8243/18;PEN;ATL;2018-08-17 00:05;2018-08-18 10:25:00.0;2018-08-18 02:25:00.0;2018-08-22 19:17
FRA806187;CV;7981/21;FRA;PVG;2018-08-18 04:47;2018-08-19 21:00:00.0;2018-08-21 21:45:00.0;
PEN491741;CV;7957A/19;PEN;HAJ;2018-08-17 15:10;2018-08-19 08:00:00.0;2018-08-22 09:00:00.0;2018-08-23 15:00
FRA806189;LH;6808/18;FRA;ATL;2018-08-18 05:00;2018-08-18 13:40:00.0;2018-08-18 09:00:00.0;2018-08-21 22:17
LUX362348;CV;7946/18;LUX;SIN;2018-08-16 13:00;2018-08-18 10:40:00.0;2018-08-19 15:10:00.0;2018-08-19 17:47
FRA806190;QR;8131/18;FRA;ATL;2018-08-17 21:11;2018-08-18 10:00:00.0;2018-08-19 23:15:00.0;
FRA806205;LH;6808/20;FRA;ATL;2018-08-18 11:13;2018-08-20 13:40:00.0;2018-08-20 09:00:00.0;2018-08-22 15:47
FRA806208;LH;6808/18;FRA;ATL;2018-08-18 03:39;2018-08-18 13:40:00.0;2018-08-18 09:00:00.0;2018-08-21 18:32
GOT092053;AY;9064/18;MMA;BKK;2018-08-17 12:00;2018-08-17 23:00:00.0;2018-08-20 14:00:00.0;2018-08-21 09:32
FRA806214;AF;682/20;FRA;ATL;2018-08-18 04:47;2018-08-19 17:00:00.0;2018-08-20 14:15:00.0;
GOT092054;DE;751/30;MMX;VVI;2018-08-17 00:00;2018-08-21 22:00:00.0;2018-08-30 23:00:00.0;
BRU521554;AF;144/19;BRU;ORD;2018-08-17 10:00;2018-08-18 10:00:00.0;2018-08-20 12:30:00.0;2018-08-22 16:40
EIN996381;LH;8050/18;EIN;JFK;2018-08-17 15:00;2018-08-18 20:20:00.0;2018-08-18 23:15:00.0;2018-08-21 09:20
BOM338232;LX;6202/21;BOM;BSL;2018-08-17 16:30;2018-08-21 00:55:00.0;2018-08-24 10:00:00.0;
BRU521556;AF;144/19;BRU;ORD;2018-08-17 10:00;2018-08-18 10:00:00.0;2018-08-20 12:30:00.0;2018-08-22 15:37
EIN996385;KL;0601/19;EIN;LAX;2018-08-17 11:37;2018-08-19 09:50:00.0;2018-08-19 11:45:00.0;2018-08-21 10:59
AMS810323;KL;8831/20;AMS;SAN;2018-08-17 12:00;2018-08-18 09:55:00.0;2018-08-21 08:00:00.0;
EIN996389;KL;0807/17;EIN;TPE;2018-08-17 12:00;2018-08-17 20:50:00.0;2018-08-18 14:55:00.0;2018-08-18 16:49
PNQ195856;LH;8085/20;BOM;FRA;2018-08-17 10:00;2018-08-20 01:00:00.0;2018-08-19 12:00:00.0;2018-08-21 08:00
BRU521561;AF;454/19;BRU;GRU;2018-08-17 10:37;2018-08-17 22:00:00.0;2018-08-20 06:20:00.0;2018-08-20 06:02
LHR316002;DI;7093/20;LHR;LAX;2018-08-14 14:39;2018-08-20 01:00:00.0;2018-08-19 17:13:00.0;
GRZ415647;TK;0336/19;GRZ;GYD;2018-08-17 12:00;2018-08-18 18:00:00.0;2018-08-20 00:55:00.0;
LHR316007;VA;564/20;LHR;SYD;2018-08-17 19:42;2018-08-18 20:00:00.0;2018-08-20 22:30:00.0;
MMA107683;CV;7641/20;MMA;VCP;;2018-08-17 20:00:00.0;2018-08-20 21:05:00.0;
BRU521570;CV;7602/21;BRU;VCP;2018-08-17 10:28;2018-08-17 22:00:00.0;2018-08-22 00:20:00.0;2018-08-21 23:10
BRU521574;CV;7602/21;BRU;VCP;2018-08-17 10:26;2018-08-17 22:00:00.0;2018-08-22 00:20:00.0;2018-08-21 23:10
LNZ727705;LH;736/19;LNZ;NGO;2018-08-17 13:00;2018-08-17 22:00:00.0;2018-08-20 23:59:00.0;2018-08-20 10:36
IST979500;LH;0500/19;IST;GIG;2018-08-17 12:00;2018-08-19 06:20:00.0;2018-08-20 04:55:00.0;2018-08-20 05:00
LIS073333;BA;0195/20;LIS;IAH;2018-08-17 08:00;2018-08-17 18:00:00.0;2018-08-19 14:15:00.0;
EIN996398;KL;0605/18;EIN;SFO;2018-08-17 13:08;2018-08-18 09:50:00.0;2018-08-18 11:45:00.0;2018-08-20 10:00
PNQ195858;SQ;0180/21;BOM;NKG;2018-08-17 10:30;2018-08-19 23:40:00.0;2018-08-21 10:25:00.0;2018-08-22 04:58
EIN996400;5C;0941/19;EIN;JFK;2018-08-17 18:00;2018-08-19 03:45:00.0;2018-08-19 08:00:00.0;2018-08-22 12:30
SAO755502;M3;0549/24;GRU;WAW;2018-08-17 14:08;2018-08-24 23:00:00.0;2018-09-02 23:30:00.0;
LIS073334;TK;0720/19;LIS;BOM;2018-08-06 08:00;2018-08-18 11:30:00.0;2018-08-21 10:30:00.0;
GOT092066;SV;811/27;MMX;GBE;2018-07-06 00:00;2018-08-18 10:00:00.0;2018-08-27 10:00:00.0;
PRG603411;K4;247/22;PRG;DEL;2018-08-17 14:00;2018-08-20 18:00:00.0;2018-08-22 16:55:00.0;2018-08-23 12:53
PRG603414;QY;518/23;PRG;BLR;2018-08-17 14:00;2018-08-20 18:00:00.0;2018-08-23 22:05:00.0;2018-08-23 14:00
EIN996404;KA;0456/19;EIN;KHH;;2018-08-18 13:10:00.0;2018-08-19 20:25:00.0;2018-08-20 11:40
POA129121;LH;8253/19;VCP;FRA;2018-04-30 12:00;2018-08-19 23:00:00.0;2018-08-20 00:00:00.0;2018-08-22 11:04
MMA107618;CV;7641/20;MMA;VCP;;2018-08-17 20:00:00.0;2018-08-20 21:05:00.0;
POA129124;QT;002/22;VCP;SJO;2017-12-22 13:00;2018-08-19 23:00:00.0;2018-08-22 19:00:00.0;
LIS073335;TP;0089/19;LIS;GRU;2018-08-17 08:00;2018-08-19 11:15:00.0;2018-08-19 18:05:00.0;2018-08-19 17:28
LIS073336;TP;0089/19;LIS;GRU;2018-08-17 08:00;2018-08-19 11:15:00.0;2018-08-19 18:05:00.0;2018-08-19 17:28
SAO755508;QT;916/24;GRU;LIM;;2018-08-24 17:00:00.0;2018-08-23 06:28:00.0;2018-08-23 13:59
CCU602397;BZ;201/24;CCU;GOT;2018-08-17 10:30;2018-08-23 22:50:00.0;2018-08-24 19:25:00.0;
LIS073337;TP;0089/19;LIS;GRU;2018-08-14 08:00;2018-08-19 11:15:00.0;2018-08-19 18:05:00.0;2018-08-19 17:28
LHR316018;AC;1946/19;LHR;LIM;2018-08-17 14:00;2018-08-18 15:00:00.0;2018-08-20 01:55:00.0;2018-08-20 08:28
CWB527689;LH;986/24;CWB;LAX;;2018-08-30 10:00:00.0;2018-09-02 11:11:00.0;
GOT092068;LY;842/21;GOT;TLV;2018-08-17 10:00;2018-08-17 20:00:00.0;2018-08-21 07:10:00.0;2018-08-22 09:30
OPO023196;UA;1490/22;OPO;ATL;2018-08-20 19:30;2018-08-21 12:35:00.0;2018-08-21 15:08:00.0;
MDE623566;LA;001/23;MDE;GRU;;2018-08-24 08:00:00.0;2018-08-24 12:00:00.0;2018-08-24 05:29
POA129129;UA;0844/25;GRU;ORD;2017-12-08 00:00;2018-08-25 22:00:00.0;2018-08-23 23:30:00.0;
BIO079853;LA;8066/24;BIO;LIM;;2018-08-21 16:00:00.0;2018-08-24 11:05:00.0;
LHR316024;AD;8751/21;LHR;VCP;2018-08-17 15:30;2018-08-18 11:20:00.0;2018-08-21 17:50:00.0;2018-08-21 17:54
MEX474963;5Y;607/21;MEX;HAJ;2018-08-16 17:00;2018-08-21 05:00:00.0;2018-08-23 08:00:00.0;
MEX474964;5Y;607/21;MEX;HAJ;2018-08-16 17:00;2018-08-21 05:00:00.0;2018-08-23 16:00:00.0;
MBA300072;BA;0295/23;MBA;MEM;;2018-08-18 20:00:00.0;2018-08-23 21:00:00.0;
GDL783814;CX;2031/20;GDL;MAA;;2018-08-18 11:00:00.0;2018-08-20 09:50:00.0;
LHR316032;VS;001/18;LHR;EWR;2018-08-17 22:45;2018-08-18 16:15:00.0;2018-08-18 19:20:00.0;2018-08-21 09:08
LHR316033;VS;001/18;LHR;EWR;2018-08-17 22:45;2018-08-18 16:15:00.0;2018-08-18 19:20:00.0;2018-08-21 09:08
LHR316039;VS;043/18;LGW;LAS;2018-08-17 22:35;2018-08-18 10:15:00.0;2018-08-18 13:00:00.0;2018-08-21 07:25
CWB527693;AA;0001/25;CWB;ORD;2018-08-17 17:00;2018-08-24 22:00:00.0;2018-08-27 23:30:00.0;
CPQ276020;LH;8253/26;VCP;FRA;;2018-08-26 23:00:00.0;2018-08-27 10:00:00.0;
MEX474972;CM;0001/22;MEX;BOG;;2018-08-20 07:00:00.0;2018-08-23 14:00:00.0;2018-08-22 08:00
MEX474977;CM;0337/22;MEX;LIM;;2018-08-21 07:00:00.0;2018-08-21 22:20:00.0;2018-08-22 02:21
MVD023572;LA;8062/23;MVD;MEX;;2018-08-22 22:30:00.0;2018-08-23 15:30:00.0;2018-08-23 10:00
CPQ276022;QR;773/22;GRU;EZE;2018-08-17 14:00;2018-08-22 17:00:00.0;2018-08-23 05:00:00.0;
IST979507;TK;0720/19;IST;BOM;2018-08-17 15:00;2018-08-19 20:00:00.0;2018-08-20 05:00:00.0;2018-08-20 11:15
SAO755518;OB;737/24;GRU;VVI;;2018-08-24 17:00:00.0;2018-08-24 23:00:00.0;
IST979508;TK;1941/19;IST;BRU;;2018-08-19 19:15:00.0;2018-08-19 21:45:00.0;2018-08-22 09:41
MEX474987;AF;0128/24;MEX;PEK;2018-08-17 16:00;2018-08-22 19:55:00.0;2018-08-25 05:55:00.0;
MEX474988;AF;0128/25;MEX;PEK;2018-08-17 16:00;2018-08-21 03:05:00.0;2018-08-26 05:55:00.0;
EIN996433;KL;0895/18;EIN;PVG;2018-08-18 03:00;2018-08-18 17:20:00.0;2018-08-19 10:05:00.0;2018-08-21 16:37
EIN996434;KL;6009/18;EIN;PDX;2018-08-18 03:00;2018-08-18 10:05:00.0;2018-08-18 11:20:00.0;2018-08-19 15:25
MTY183186;CV;7791A/19;GDL;FRA;2018-08-17 21:02;2018-08-19 01:00:00.0;2018-08-20 18:00:00.0;2018-08-23 08:32
SZX123655;M3;847/24;SZX;VCP;;2018-08-21 11:25:00.0;2018-08-25 18:00:00.0;
SZX123656;CX;3124/24;SZX;VCP;;2018-08-24 11:25:00.0;2018-08-29 18:00:00.0;
SZV013190;CZ;463/23;PVG;FRA;;2018-08-23 06:55:00.0;2018-08-24 00:00:00.0;
SZV013202;LX;222/24;PVG;BOG;2018-08-18 15:30;2018-08-24 02:38:00.0;2018-08-24 12:00:00.0;
PVG900919;CK;263/19;PVG;HKG;2018-08-16 15:45;2018-08-19 03:00:00.0;2018-08-19 05:00:00.0;2018-08-20 09:40
SAO753759;QT;086/22;GRU;BOG;;2018-08-22 17:00:00.0;2018-08-27 23:00:00.0;2018-08-24 08:00
PVG902516;QR;773/24;PVG;GRU;2018-08-18 00:56;2018-08-23 21:00:00.0;2018-08-24 12:00:00.0;
TAO840328;RU;8529/19;PEK;FRA;;2018-08-19 04:40:00.0;2018-08-20 02:00:00.0;2018-08-24 07:00
TAO840531;RU;8529/19;TAO;NTE;;2018-08-22 18:00:00.0;2018-08-24 18:00:00.0;
TAO840556;LH;8397/20;TAO;HAJ;;2018-08-17 20:00:00.0;2018-08-21 15:00:00.0;
TAO840594;KL;691/21;TAO;YYZ;;2018-08-17 20:00:00.0;2018-08-25 18:00:00.0;
TAO840598;5Y;033/26;TAO;EZE;;2018-08-17 20:00:00.0;2018-08-26 18:00:00.0;
TAO840645;RU;756/20;TAO;MST;;2018-08-17 20:00:00.0;2018-08-24 18:00:00.0;
TAO840646;DL;128/20;TAO;SEA;;2018-08-20 18:00:00.0;2018-08-22 19:00:00.0;
TAO840650;RU;756/20;TAO;QGL;;2018-08-17 20:00:00.0;2018-08-27 06:00:00.0;
PVG906376;EK;105/20;PVG;ATH;2018-08-06 15:02;2018-08-19 05:00:00.0;2018-08-20 13:20:00.0;
PVG906445;RU;298/18;PVG;FRA;2018-08-16 16:02;2018-08-18 02:00:00.0;2018-08-18 19:00:00.0;2018-08-21 10:48
PVG906446;RU;298/18;PVG;FRA;2018-08-16 16:02;2018-08-18 02:00:00.0;2018-08-18 19:00:00.0;2018-08-21 10:48
PVG906447;RU;298/19;PVG;FRA;2018-08-17 16:02;2018-08-19 02:00:00.0;2018-08-19 19:00:00.0;2018-08-22 10:49
PVG906452;RU;298/18;PVG;FRA;2018-08-16 16:02;2018-08-18 02:00:00.0;2018-08-18 19:00:00.0;2018-08-21 10:48
PVG906457;RU;298/19;PVG;FRA;2018-08-17 16:02;2018-08-19 02:00:00.0;2018-08-19 19:00:00.0;2018-08-22 10:49
SZV013293;CV;7857/19;PVG;WRO;;2018-08-19 23:10:00.0;2018-08-26 06:15:00.0;2018-08-24 10:00
HKG595842;KA;378/18;HKG;OKA;2018-08-17 16:48;2018-08-18 12:15:00.0;2018-08-18 23:59:00.0;2018-08-18 17:32
HKG595844;KA;378/18;HKG;OKA;2018-08-17 16:47;2018-08-18 12:15:00.0;2018-08-18 23:59:00.0;2018-08-18 17:32
HKG596150;ET;3685/19;HKG;MAA;2018-08-17 15:27;2018-08-19 11:45:00.0;2018-08-19 15:50:00.0;2018-08-20 20:23
GDL210543;5Y;033/26;GDL;EZE;2018-08-17 17:00;2018-08-22 01:30:00.0;2018-08-24 15:00:00.0;
GDL210575;5Y;055/26;GDL;VCP;2018-08-17 17:00;2018-08-22 01:30:00.0;2018-08-24 15:00:00.0;
GDL210580;M3;8491/21;GDL;VCP;2018-08-17 17:00;2018-08-18 06:10:00.0;2018-08-21 08:27:00.0;2018-08-23 11:10
GDL210582;5Y;607/22;GDL;EZE;2018-08-17 17:00;2018-08-22 01:30:00.0;2018-08-27 15:00:00.0;
GDL210583;M3;8491/21;GDL;VCP;2018-08-17 17:00;2018-08-18 06:10:00.0;2018-08-21 08:27:00.0;2018-08-23 11:10
GDL210588;M3;8491/21;GDL;VCP;2018-08-17 17:00;2018-08-18 06:10:00.0;2018-08-21 08:27:00.0;2018-08-23 11:10
NGB282985;RU;616/20;NGB;CDG;2018-08-17 16:00;2018-08-19 12:00:00.0;2018-08-19 18:25:00.0;2018-08-24 11:56
NGB282988;7L;231/22;NGB;BUD;2018-08-17 18:00;2018-08-19 12:00:00.0;2018-08-20 12:00:00.0;
PVG908459;OZ;703/18;PVG;MNL;2018-08-17 04:50;2018-08-18 04:00:00.0;2018-08-21 11:05:00.0;
PVG908460;OZ;703/18;PVG;MNL;2018-08-18 07:48;2018-08-18 04:00:00.0;2018-08-18 23:59:00.0;
HKG066598;QT;851/21;HKG;VCP;2018-08-17 19:04;2018-08-18 21:30:00.0;2018-08-21 14:15:00.0;2018-08-21 05:07
HKG598217;EK;151/21;HKG;CPH;2018-08-17 12:02;2018-08-20 00:05:00.0;2018-08-21 12:25:00.0;
HKG598305;EK;157/21;HKG;ARN;2018-08-18 12:56;2018-08-20 21:50:00.0;2018-08-21 11:15:00.0;2018-08-22 07:10
HKG598354;SQ;528/20;HKG;MAA;2018-08-17 19:00;2018-08-19 18:50:00.0;2018-08-20 22:00:00.0;
HKG598356;SQ;7360/22;HKG;MAA;2018-08-17 19:01;2018-08-21 04:00:00.0;2018-08-22 06:35:00.0;2018-08-23 10:17
HKG598357;SQ;528/21;HKG;MAA;2018-08-17 19:00;2018-08-20 18:50:00.0;2018-08-21 22:00:00.0;
HKG598359;EK;564/21;HKG;BLR;2018-08-17 19:01;2018-08-20 00:05:00.0;2018-08-21 08:55:00.0;2018-08-23 14:00
HKG598462;AM;217/24;HKG;GDL;2018-08-21 09:44;2018-08-22 04:00:00.0;2018-08-23 23:00:00.0;
HKG598480;KE;053/19;HKG;HNL;2018-08-17 17:05;2018-08-18 18:00:00.0;2018-08-20 04:00:00.0;
HKG598486;NZ;080/19;HKG;AKL;2018-08-17 16:50;2018-08-19 17:00:00.0;2018-08-20 12:32:00.0;2018-08-20 12:49
HKG598525;KE;053/19;HKG;HNL;2018-08-17 16:44;2018-08-18 18:00:00.0;2018-08-20 04:00:00.0;
HKG598583;5X;382/26;HKG;GYE;2018-08-17 22:35;2018-08-20 10:30:00.0;2018-08-26 15:01:00.0;
HKG598647;CX;2090/20;HKG;DFW;2018-08-17 15:22;2018-08-20 02:10:00.0;2018-08-19 08:20:00.0;2018-08-22 10:00
HKG598651;CV;7417/20;HKG;WRO;2018-08-18 15:04;2018-08-20 01:10:00.0;2018-08-27 09:10:00.0;
HKG598722;QR;8426/23;HKG;LUG;2018-08-17 11:17;2018-08-22 13:05:00.0;2018-08-23 17:05:00.0;
HKG598727;QR;121/25;HKG;LUG;2018-08-20 16:02;2018-08-24 21:00:00.0;2018-08-25 19:50:00.0;
HKG598729;QR;121/25;HKG;LUG;2018-08-20 17:02;2018-08-24 21:00:00.0;2018-08-25 19:50:00.0;
HKG598744;QT;707/22;HKG;MDE;2018-08-16 11:59;2018-08-19 01:50:00.0;2018-08-22 21:30:00.0;2018-08-23 08:19
HKG598753;CV;7332/21;HKG;GVA;2018-08-17 12:23;2018-08-21 09:30:00.0;2018-08-24 13:00:00.0;
HKG598804;CX;079/19;HKG;SIN;2018-08-15 17:06;2018-08-20 14:00:00.0;2018-08-19 16:45:00.0;2018-08-23 09:00
PEK793822;RU;756/20;PEK;FRA;2018-08-17 10:35;2018-08-20 05:00:00.0;2018-08-20 23:00:00.0;
PEK793838;RU;756/20;PEK;FRA;2018-08-17 10:39;2018-08-20 05:00:00.0;2018-08-20 23:00:00.0;
SZX057276;5Y;031/21;SZX;VCP;;2018-08-20 10:30:00.0;2018-08-21 15:45:00.0;2018-08-21 13:17
SZX057277;5Y;031/21;SZX;VCP;;2018-08-20 10:30:00.0;2018-08-21 15:45:00.0;2018-08-21 13:17
LCG400673;DE;0041/19;MAD;EZE;;2018-08-19 23:55:00.0;2018-08-20 07:35:00.0;
LCG400674;DE;0041/19;MAD;EZE;;2018-08-19 23:55:00.0;2018-08-20 07:35:00.0;
LCG400678;DE;0041/19;MAD;EZE;;2018-08-19 23:55:00.0;2018-08-20 07:35:00.0;
LCG400681;DE;0041/19;MAD;EZE;;2018-08-19 23:55:00.0;2018-08-20 07:35:00.0;
KIX671884;DL;296/19;KIX;ATL;;2018-08-17 21:00:00.0;2018-08-18 16:11:00.0;2018-08-22 19:20
BOG266607;L7;L71800;BOG;MIA;;2018-08-16 08:00:00.0;2018-08-16 12:20:00.0;
BOG266608;CV;CV7612;BOG;AMS;;2018-08-16 22:00:00.0;2018-08-18 01:00:00.0;
TPE603933;TR;897/18;TPE;SIN;2018-08-17 18:00;2018-08-18 01:35:00.0;2018-08-18 06:00:00.0;
SYD432723;VA;001/19;SYD;SAN;2018-08-17 13:00;2018-08-19 09:30:00.0;2018-08-24 12:00:00.0;
HKG066737;5Y;039/26;HKG;MAO;2018-08-18 00:08;2018-08-21 19:00:00.0;2018-08-22 08:30:00.0;
HKG066738;5Y;039/26;HKG;MAO;2018-08-18 13:34;2018-08-20 10:30:00.0;2018-08-21 03:15:00.0;
HKG166157;QR;433/18;HKG;FRA;2018-08-16 19:17;2018-08-18 06:00:00.0;2018-08-18 12:00:00.0;2018-08-21 10:48
PVG913557;OZ;988/20;PVG;ICN;2018-08-17 20:17;2018-08-20 04:00:00.0;2018-08-20 07:35:00.0;
PVG913558;NH;8421/19;PVG;BKK;2018-08-17 15:48;2018-08-19 01:00:00.0;2018-08-19 07:20:00.0;2018-08-21 14:00
PVG913701;RU;765/19;CGO;FRA;2018-08-16 15:17;2018-08-18 08:15:00.0;2018-08-19 12:30:00.0;2018-08-21 10:48
PVG913703;RU;765/19;CGO;FRA;2018-08-16 15:17;2018-08-18 08:15:00.0;2018-08-19 12:30:00.0;2018-08-21 10:48
PVG913708;LX;256/20;PVG;TLV;2018-08-16 15:17;2018-08-19 09:10:00.0;2018-08-21 03:30:00.0;
PVG913711;RU;765/19;CGO;FRA;2018-08-16 15:32;2018-08-18 08:15:00.0;2018-08-19 12:30:00.0;2018-08-21 10:48
PVG913712;RU;765/19;CGO;FRA;2018-08-16 15:02;2018-08-18 08:15:00.0;2018-08-19 12:30:00.0;2018-08-21 10:48
PVG913714;LX;256/20;PVG;TLV;2018-08-16 15:17;2018-08-19 09:10:00.0;2018-08-21 03:30:00.0;
PVG913716;LX;256/20;PVG;TLV;2018-08-16 15:17;2018-08-19 09:10:00.0;2018-08-21 03:30:00.0;
PVG913723;RU;765/19;CGO;FRA;2018-08-16 15:17;2018-08-18 08:15:00.0;2018-08-19 12:30:00.0;2018-08-21 10:48
PVG913725;RU;765/19;CGO;FRA;2018-08-16 15:17;2018-08-18 08:15:00.0;2018-08-19 12:30:00.0;2018-08-21 10:48
PVG913758;LX;256/21;PVG;TLV;2018-08-17 15:02;2018-08-20 09:10:00.0;2018-08-22 03:30:00.0;
PVG913927;CV;699/18;PVG;FKB;2018-08-16 18:00;2018-08-18 23:55:00.0;2018-08-19 06:55:00.0;2018-08-20 08:00
PVG914171;CV;6992/21;PVG;OPO;2018-08-21 18:00;2018-08-21 23:55:00.0;2018-08-25 08:00:00.0;
PVG914195;CA;1041/22;PVG;NUE;2018-08-19 18:00;2018-08-22 08:10:00.0;2018-08-24 10:00:00.0;
PVG914478;7L;263/19;PVG;LIL;2018-08-17 18:00;2018-08-19 02:30:00.0;2018-08-22 09:00:00.0;
PVG914601;;;PVG;VCP;2018-08-17 04:50;2018-08-20 05:00:00.0;2018-08-20 12:50:00.0;2018-08-23 16:11
PVG914602;;;PVG;VCP;2018-08-17 04:50;2018-08-19 22:00:00.0;2018-08-20 10:00:00.0;2018-08-21 16:31
PVG914847;RU;298/19;PVG;FRA;2018-08-16 18:04;2018-08-19 02:00:00.0;2018-08-19 19:00:00.0;2018-08-22 10:49
HKG929035;5Y;059/20;HKG;BOG;2018-08-16 20:00;2018-08-18 21:30:00.0;2018-08-26 02:30:00.0;2018-08-22 08:00
HKG929044;5Y;059/20;HKG;BOG;2018-08-17 15:35;2018-08-18 21:30:00.0;2018-08-26 02:30:00.0;2018-08-22 08:00
HKG929048;;;HKG;MEX;2018-08-17 15:35;2018-08-19 21:00:00.0;2018-08-21 06:00:00.0;2018-08-21 10:00
SZX139004;EK;500/21;HKG;BOM;2018-08-18 10:05;2018-08-20 21:50:00.0;2018-08-21 02:55:00.0;2018-08-23 09:32
SZX139008;EK;500/21;HKG;BOM;2018-08-18 09:23;2018-08-20 21:50:00.0;2018-08-21 02:55:00.0;2018-08-23 09:32
GDL783392;AM;0007/22;GDL;LHR;2018-08-17 22:00;2018-08-21 06:05:00.0;2018-08-23 18:00:00.0;
PEK794199;RU;8529/19;PEK;STR;2018-08-16 10:00;2018-08-19 04:40:00.0;2018-08-22 00:00:00.0;2018-08-24 10:01
PEK794204;5Y;652/18;TAO;BCN;;2018-08-18 00:00:00.0;2018-08-21 00:00:00.0;
PEK794208;6R;301/23;PEK;GDL;;2018-08-19 12:00:00.0;2018-08-21 08:00:00.0;2018-08-23 15:01
KIX104435;M3;8425/24;KIX;MAO;;2018-08-18 13:10:00.0;2018-08-24 08:00:00.0;
KIX104436;EK;261/20;KIX;GRU;;2018-08-17 23:40:00.0;2018-08-20 18:15:00.0;2018-08-19 15:44
HKG599537;QR;433/18;HKG;FRA;2018-08-16 19:17;2018-08-18 06:00:00.0;2018-08-18 12:00:00.0;2018-08-21 10:48
HKG599539;QR;433/18;HKG;FRA;2018-08-16 19:17;2018-08-18 06:00:00.0;2018-08-18 12:00:00.0;2018-08-21 10:48
HKG599541;EK;109/26;HKG;LCA;2018-08-14 19:03;2018-08-24 18:20:00.0;2018-08-26 11:10:00.0;
HKG599550;TK;6348/21;HKG;TLV;2018-08-15 18:48;2018-08-20 06:30:00.0;2018-08-21 15:35:00.0;
HKG599551;CX;749/19;HKG;JNB;2018-08-08 10:45;2018-08-19 23:45:00.0;2018-08-20 06:45:00.0;2018-08-20 12:49
BKK304322;CX;618/18;BKK;HKG;2018-08-17 05:02;2018-08-18 12:00:00.0;2018-08-18 16:15:00.0;2018-08-20 14:47
BKK304323;CX;618/18;BKK;HKG;2018-08-17 15:00;2018-08-18 12:00:00.0;2018-08-18 16:15:00.0;2018-08-20 09:40
SAO754963;AM;015/23;GRU;MEX;;2018-08-23 23:00:00.0;2018-08-24 10:00:00.0;
TSN137997;AV;987/19;TSN;BOG;2018-08-17 09:00;2018-08-18 12:00:00.0;2018-08-20 23:00:00.0;2018-08-20 08:00
TSN138008;SQ;478/18;TSN;JNB;2018-08-17 09:00;2018-08-17 09:30:00.0;2018-08-18 07:10:00.0;
TSN138021;LH;8397/20;TSN;DUS;2018-08-17 09:00;2018-08-17 16:00:00.0;2018-08-22 00:00:00.0;
TSN138030;CX;105/21;PEK;MEL;2018-08-17 09:00;2018-08-20 10:00:00.0;2018-08-21 11:30:00.0;
SJO114057;AU;2116/19;SJO;LAX;2018-08-17 15:00;2018-08-19 06:00:00.0;2018-08-19 10:00:00.0;2018-08-22 15:06
HKG599650;QR;121/22;HKG;EIN;2018-08-20 11:35;2018-08-21 18:35:00.0;2018-08-22 07:15:00.0;
HKG599673;AA;930/22;HKG;GRU;2018-08-16 16:23;2018-08-22 12:30:00.0;2018-08-23 08:20:00.0;2018-08-24 07:20
HKG599674;CV;7417/20;HKG;WRO;2018-08-17 14:46;2018-08-20 01:10:00.0;2018-08-27 09:10:00.0;2018-08-24 08:00
HKG599706;QR;8426/23;HKG;TUN;2018-08-18 12:28;2018-08-22 13:05:00.0;2018-08-24 18:30:00.0;
HKG599816;5Y;031/21;HKG;VCP;2018-08-16 15:21;2018-08-20 10:30:00.0;2018-08-21 15:45:00.0;2018-08-21 13:17
HKG599822;EK;500/21;HKG;BOM;2018-08-18 23:00;2018-08-20 00:05:00.0;2018-08-22 02:55:00.0;2018-08-23 09:06
HKG599844;CX;086/19;HKG;LAX;2018-08-17 11:24;2018-08-19 21:00:00.0;2018-08-19 11:39:00.0;2018-08-20 18:20
HKG599849;CA;965/19;HKG;WRO;2018-08-17 16:49;2018-08-18 14:20:00.0;2018-08-25 04:45:00.0;2018-08-22 10:00
HKG599856;OZ;541/24;HKG;WAW;2018-08-23 03:02;2018-08-24 02:10:00.0;2018-09-02 17:40:00.0;
HKG599866;AA;930/22;HKG;GRU;2018-08-17 16:40;2018-08-22 12:30:00.0;2018-08-23 08:20:00.0;2018-08-24 07:20
HKG599876;QR;433/18;HKG;FRA;2018-08-17 23:00;2018-08-18 06:00:00.0;2018-08-18 12:00:00.0;2018-08-21 12:32
HKG599877;CX;096/19;HKG;GDL;2018-08-17 16:36;2018-08-18 20:30:00.0;2018-08-19 07:30:00.0;2018-08-19 12:17
HKG599903;CX;739/18;HKG;SIN;2018-08-17 12:31;2018-08-18 11:35:00.0;2018-08-18 15:20:00.0;2018-08-18 11:40
HKG599908;EK;564/21;HKG;BLR;2018-08-18 10:38;2018-08-20 00:05:00.0;2018-08-21 08:55:00.0;2018-08-23 14:00
HKG599914;C8;8724/23;HKG;MIL;2018-08-22 17:05;2018-08-23 20:35:00.0;2018-08-24 05:15:00.0;2018-08-24 16:12
HKG599915;5Y;063/22;HKG;VCP;2018-08-17 17:06;2018-08-21 11:25:00.0;2018-08-22 15:00:00.0;2018-08-22 12:59
HKG599929;;;HKG;GVA;2018-08-21 16:46;2018-08-24 21:00:00.0;2018-08-25 19:50:00.0;
HKG599930;EK;564/21;HKG;BLR;2018-08-17 18:00;2018-08-19 12:25:00.0;2018-08-21 08:55:00.0;2018-08-24 14:00
HKG599933;QR;121/22;HKG;MST;2018-08-20 17:05;2018-08-21 18:35:00.0;2018-08-22 07:15:00.0;
HKG599939;OZ;541/19;HKG;MUC;2018-08-17 16:36;2018-08-19 02:10:00.0;2018-08-21 12:00:00.0;2018-08-23 09:56
HKG599977;EK;564/21;HKG;BLR;2018-08-17 12:00;2018-08-20 00:05:00.0;2018-08-21 08:55:00.0;2018-08-23 14:00
HKG599986;OZ;501/22;HKG;CDG;2018-08-18 15:03;2018-08-21 13:00:00.0;2018-08-22 18:00:00.0;
HKG600022;KE;529/21;HKG;WAW;2018-08-18 14:59;2018-08-20 03:25:00.0;2018-08-29 14:35:00.0;
HKG600023;LH;8473/22;HKG;FMO;2018-08-17 18:12;2018-08-22 21:40:00.0;2018-08-24 22:30:00.0;
HKG600024;RFS;9293/24;HKG;GDL;2018-08-20 10:33;2018-08-21 04:00:00.0;2018-08-22 23:00:00.0;
HKG600031;NH;860/21;HKG;LEJ;2018-08-20 12:05;2018-08-21 14:00:00.0;2018-08-24 08:00:00.0;2018-08-24 00:00
HKG600033;OZ;541/22;HKG;FMO;2018-08-18 10:00;2018-08-22 02:10:00.0;2018-08-24 08:00:00.0;
HKG600039;CX;086/19;HKG;LAX;2018-08-18 14:58;2018-08-19 21:00:00.0;2018-08-19 11:39:00.0;2018-08-20 18:20
HKG600043;PO;916/20;HKG;ICN;2018-08-18 18:00;2018-08-20 11:00:00.0;2018-08-20 16:00:00.0;
HKG600045;PO;916/21;HKG;ICN;2018-08-20 16:07;2018-08-21 15:00:00.0;2018-08-21 19:00:00.0;
HKG600064;LX;041/24;HKG;GDL;2018-08-22 12:17;2018-08-23 23:00:00.0;2018-08-24 16:25:00.0;
HKG600065;RU;222/22;HKG;STR;2018-08-20 23:00;2018-08-22 01:15:00.0;2018-08-24 00:00:00.0;
HKG600070;OZ;521/20;HKG;LHR;2018-08-18 11:41;2018-08-20 00:30:00.0;2018-08-20 17:50:00.0;2018-08-23 10:13
HKG600071;RFS;9293/24;HKG;GDL;2018-08-20 14:18;2018-08-21 04:00:00.0;2018-08-22 23:00:00.0;
HKG600079;;;HKG;GDL;2018-08-17 06:00;2018-08-23 15:20:00.0;2018-08-21 23:00:00.0;2018-08-23 16:58
HKG600080;AC;156/19;HKG;YYZ;2018-08-18 14:15;2018-08-19 12:45:00.0;2018-08-20 00:00:00.0;2018-08-20 18:19
HKG600096;CV;4517/19;HKG;ORD;2018-08-18 11:33;2018-08-19 14:00:00.0;2018-08-19 23:59:00.0;2018-08-21 15:18
HAN110994;KE;0273/22;HAN;VCP;;2018-08-19 23:10:00.0;2018-08-23 13:45:00.0;2018-08-23 13:00
NKG210087;5X;109/18;PVG;NRT;2018-08-16 18:48;2018-08-18 16:15:00.0;2018-08-19 20:05:00.0;2018-08-19 21:51
DLC863864;BR;160/19;DLC;ICN;2018-08-16 10:00;2018-08-18 18:00:00.0;2018-08-19 18:25:00.0;
KIX672507;JL;407/18;KIX;FRA;;2018-08-18 10:50:00.0;2018-08-18 16:30:00.0;2018-08-20 08:00
KIX672608;LH;741/18;KIX;FRA;;2018-08-18 10:05:00.0;2018-08-18 15:00:00.0;2018-08-20 07:00
PVG915483;CA;2775/19;PVG;ZAZ;2018-08-17 18:00;2018-08-18 08:00:00.0;2018-08-20 23:30:00.0;2018-08-21 03:19
PVG915674;KE;594/24;PVG;ZAZ;2018-08-19 18:00;2018-08-20 03:00:00.0;2018-08-21 19:50:00.0;2018-08-21 20:36
PVG915684;RU;113/20;PVG;ZAZ;2018-08-19 18:00;2018-08-20 05:00:00.0;2018-08-21 06:00:00.0;2018-08-21 06:51
PVG915699;RU;113/20;PVG;ZAZ;2018-08-19 18:00;2018-08-20 05:00:00.0;2018-08-21 02:00:00.0;2018-08-22 10:00
PVG915891;CA;2775/19;PVG;ZAZ;2018-08-17 18:00;2018-08-18 08:00:00.0;2018-08-20 23:30:00.0;2018-08-21 03:19
PVG916045;BR;6082/20;PVG;PEN;2018-08-17 15:00;2018-08-19 03:15:00.0;2018-08-20 23:59:00.0;
PVG916047;BR;6082/20;PVG;PEN;2018-08-18 15:39;2018-08-19 03:15:00.0;2018-08-20 10:25:00.0;
PVG916053;EK;566/26;PVG;BLR;2018-08-18 15:09;2018-08-19 05:00:00.0;2018-08-26 18:35:00.0;2018-08-23 14:00
PVG916150;BR;6082/20;PVG;PEN;2018-08-17 15:00;2018-08-19 03:15:00.0;2018-08-22 10:25:00.0;
HAN383026;QR;8157B/20;HAN;MAD;;2018-08-20 01:00:00.0;2018-08-23 11:00:00.0;2018-08-23 09:49
HAN383034;CV;4316/18;HAN;MIA;;2018-08-18 03:15:00.0;2018-08-18 15:10:00.0;2018-08-21 09:52
HAN383038;CV;4316/18;HAN;MIA;;2018-08-18 03:15:00.0;2018-08-18 15:10:00.0;2018-08-22 10:00
HAN383041;GB;2205/21;HAN;MEX;;2018-08-18 06:05:00.0;2018-08-22 06:00:00.0;2018-08-22 09:00
HAN383042;GB;2205/21;HAN;MEX;;2018-08-18 06:05:00.0;2018-08-22 06:00:00.0;2018-08-22 09:00
HAN383043;KE;0251/21;HAN;SCL;;2018-08-19 04:20:00.0;2018-08-26 10:00:00.0;
HAN383049;CV;4316/18;HAN;IQQ;;2018-08-18 03:15:00.0;2018-08-25 10:00:00.0;
HAN383052;CV;4316/18;HAN;LIM;;2018-08-18 03:15:00.0;2018-08-25 10:00:00.0;
HAN383061;CV;4316/18;HAN;SAP;;2018-08-18 03:15:00.0;2018-08-25 10:00:00.0;
HAN383062;CV;4316/18;HAN;GUA;;2018-08-18 03:15:00.0;2018-08-25 10:00:00.0;
ICN596108;KE;741/19;ICN;NGO;2018-08-16 16:00;2018-08-19 10:40:00.0;2018-08-19 23:59:00.0;2018-08-19 14:35
HAN383521;KE;273/18;HAN;LIM;;2018-08-18 03:15:00.0;2018-08-25 10:00:00.0;
HAN383524;KE;273/18;HAN;IQQ;;2018-08-18 03:15:00.0;2018-08-25 10:00:00.0;
HAN383527;KE;273/18;HAN;PTY;;2018-08-18 03:15:00.0;2018-08-25 10:00:00.0;
BNA945705;5Y;8416/19;HSV;VCP;2018-08-17 09:19;2018-08-17 18:00:00.0;2018-08-19 15:00:00.0;2018-08-19 16:28
BNA945708;5Y;057/18;HSV;VCP;2018-08-17 09:29;2018-08-17 18:00:00.0;2018-08-18 15:45:00.0;2018-08-18 15:10
BNA945715;QT;727/20;MIA;MVD;2018-08-17 06:00;2018-08-20 06:30:00.0;2018-08-20 20:30:00.0;
BNA945720;5X;352/19;MIA;SAL;2018-08-17 06:00;2018-08-19 03:00:00.0;2018-08-20 00:37:00.0;
BNA945724;;;MIA;SAP;2018-08-17 07:00;2018-08-20 18:00:00.0;2018-08-20 21:30:00.0;
BNA945733;5Y;057/18;HSV;VCP;2018-08-17 08:38;2018-08-17 18:00:00.0;2018-08-18 15:45:00.0;2018-08-18 15:10
BNA945735;5Y;8416/19;HSV;VCP;2018-08-17 07:12;2018-08-17 18:00:00.0;2018-08-19 15:00:00.0;2018-08-19 16:28
BNA945739;O6;9563/20;HSV;EZE;2018-08-17 08:39;2018-08-18 22:20:00.0;2018-08-20 12:00:00.0;2018-08-21 11:15
BNA945892;O6;9563/20;HSV;EZE;2018-08-17 09:22;2018-08-19 10:30:00.0;2018-08-20 12:00:00.0;2018-08-21 11:15
HAN111111;CI;5384/18;HAN;MAO;;2018-08-17 18:00:00.0;2018-08-20 12:00:00.0;
SZX139841;OZ;521/19;SZX;LHR;2018-08-17 15:08;2018-08-18 10:00:00.0;2018-08-19 23:59:00.0;2018-08-22 22:01
SZX139844;EK;085/21;SZX;ZRH;2018-08-17 09:59;2018-08-18 10:00:00.0;2018-08-21 00:00:00.0;2018-08-22 13:23
SZX139910;EK;9863/26;SZX;GOT;;2018-08-24 23:30:00.0;2018-08-27 15:00:00.0;
SZX140053;C8;8726/18;SZX;MIL;;2018-08-18 20:00:00.0;2018-08-20 00:00:00.0;
SZX140097;CV;7336/19;SZX;LNZ;2018-08-16 16:00;2018-08-18 20:00:00.0;2018-08-22 01:00:00.0;
SZX140129;CV;7536/18;SZX;LEJ;2018-08-16 14:00;2018-08-17 23:00:00.0;2018-08-21 00:00:00.0;2018-08-22 00:00