AirWayBill;Carrier Prefix;Flight No.;Airport of Departure (code);Final Destination (code);Picked Up (Date);ETD;ETA;Docs released / Delivered (Date)
SYD433951;QF;0081/13;SYD;SIN;2019-02-12 11:00;2019-02-13 11:30:00.0;2019-02-13 00:00:00.0;
CEB821987;PR;738/12;CEB;BKK;2019-02-12 16:10;2019-02-12 21:25:00.0;2019-02-13 00:10:00.0;
TPE621932;PO;224/12;TPE;NGO;2019-02-12 13:00;2019-02-12 21:00:00.0;2019-02-13 00:40:00.0;
KHH621499;TR;895/12;KHH;SIN;2019-02-12 13:00;2019-02-12 20:40:00.0;2019-02-13 00:50:00.0;
TPE621243;TR;893/12;TPE;SIN;2019-02-12 20:02;2019-02-12 22:20:00.0;2019-02-13 03:00:00.0;
ICN607501;KE;395/12;ICN;SIN;2019-02-12 09:00;2019-02-12 22:00:00.0;2019-02-13 03:25:00.0;
ICN607500;KE;395/12;ICN;SIN;2019-02-12 15:16;2019-02-12 22:00:00.0;2019-02-13 03:25:00.0;
TPE621242;BR;6085/12;TPE;SIN;2019-02-12 18:28;2019-02-12 23:20:00.0;2019-02-13 04:00:00.0;
TPE621251;BR;6085/12;TPE;SIN;2019-02-12 18:27;2019-02-12 23:20:00.0;2019-02-13 04:00:00.0;
ICN607420;KE;881/13;ICN;WUH;2019-02-12 11:00;2019-02-13 09:15:00.0;2019-02-13 04:00:00.0;
TPE621252;BR;6085/12;TPE;SIN;2019-02-12 20:00;2019-02-12 23:20:00.0;2019-02-13 04:00:00.0;
TPE621253;BR;6085/12;TPE;SIN;2019-02-12 20:01;2019-02-12 23:20:00.0;2019-02-13 04:00:00.0;
BKK315365;QF;7581/12;BKK;PVG;2019-02-12 13:00;2019-02-12 22:55:00.0;2019-02-13 04:10:00.0;
BKK315162;QF;7581/12;BKK;PVG;2019-02-12 15:00;2019-02-12 22:55:00.0;2019-02-13 04:10:00.0;
BKK315405;QF;7581/12;BKK;PVG;2019-02-12 10:00;2019-02-12 22:55:00.0;2019-02-13 04:10:00.0;
BKK315406;QF;7581/12;BKK;PVG;2019-02-12 10:00;2019-02-12 22:55:00.0;2019-02-13 04:10:00.0;
BKK315252;QF;7581/12;BKK;PVG;2019-02-12 15:00;2019-02-12 22:55:00.0;2019-02-13 04:10:00.0;
MNL999995;OZ;704/12;MNL;ICN;2019-02-12 09:00;2019-02-12 23:10:00.0;2019-02-13 04:30:00.0;
MNL999994;OZ;704/12;MNL;ICN;2019-02-12 09:00;2019-02-12 23:10:00.0;2019-02-13 04:30:00.0;
SIN658889;TR;898;SIN;TPE;2019-02-12 17:00;2019-02-13 00:55:00.0;2019-02-13 05:30:00.0;
SIN658756;TR;898;SIN;TPE;2019-02-12 14:00;2019-02-13 00:55:00.0;2019-02-13 05:30:00.0;
SIN658760;TR;898;SIN;TPE;2019-02-12 14:00;2019-02-13 00:55:00.0;2019-02-13 05:30:00.0;
TPE620618;CI;5156/13;TPE;LAX;2019-02-12 16:00;2019-02-13 07:00:00.0;2019-02-13 07:00:00.0;
ICN607550;PO;225/13;ICN;TPE;2019-02-12 17:00;2019-02-13 05:30:00.0;2019-02-13 07:10:00.0;
SIN658882;SQ;036;SIN;LAX;2019-02-12 14:00;2019-02-13 08:20:00.0;2019-02-13 07:30:00.0;
SIN658847;SQ;608;SIN;ICN;2019-02-12 14:00;2019-02-13 00:10:00.0;2019-02-13 07:35:00.0;
SIN658785;SQ;950;SIN;CGK;2019-02-12 17:46;2019-02-13 06:50:00.0;2019-02-13 07:35:00.0;
ICN607466;LH;8385A/13;ICN;FRA;2019-02-12 10:00;2019-02-13 06:00:00.0;2019-02-13 07:45:00.0;
SYD433953;VS;6190/13;SYD;CVG;2019-02-12 13:22;2019-02-13 11:15:00.0;2019-02-13 08:00:00.0;
BLR878032;EK;0071/13;BLR;CDG;2019-02-12 12:00;2019-02-12 20:10:00.0;2019-02-13 08:00:00.0;
MNL600415;5J;039/12;MNL;LAX;2019-02-12 08:00;2019-02-12 23:25:00.0;2019-02-13 08:15:00.0;
MNL600420;5J;039/12;MNL;LAX;2019-02-12 08:00;2019-02-12 23:25:00.0;2019-02-13 08:15:00.0;
MNL600437;5J;039/12;MNL;LAX;2019-02-12 08:00;2019-02-12 23:25:00.0;2019-02-13 08:15:00.0;
MNL600439;5J;039/12;MNL;LAX;2019-02-12 08:00;2019-02-12 23:25:00.0;2019-02-13 08:15:00.0;
MNL600391;5J;039/12;MNL;LAX;2019-02-12 08:00;2019-02-12 23:25:00.0;2019-02-13 08:15:00.0;
MNL600519;5J;039/12;MNL;SYD;2019-02-12 08:00;2019-02-12 23:25:00.0;2019-02-13 08:15:00.0;
PAN944948;KE;646;SIN;ICN;2019-02-12 17:18;2019-02-13 01:30:00.0;2019-02-13 08:40:00.0;
PAN944949;KE;646;SIN;ICN;2019-02-12 17:23;2019-02-13 01:30:00.0;2019-02-13 08:40:00.0;
PAN944950;KE;646;SIN;ICN;2019-02-12 17:26;2019-02-13 01:30:00.0;2019-02-13 08:40:00.0;
PAN944947;KE;646;SIN;ICN;2019-02-12 17:18;2019-02-13 01:30:00.0;2019-02-13 08:40:00.0;
SIN658630;SQ;970;SIN;BKK;2019-02-12 17:44;2019-02-13 07:15:00.0;2019-02-13 08:40:00.0;
PAN944946;KE;646;SIN;ICN;2019-02-12 17:25;2019-02-13 01:30:00.0;2019-02-13 08:40:00.0;
MAA560180;EK;0059/13;MAA;HAM;2019-02-12 10:30;2019-02-13 03:30:00.0;2019-02-13 08:50:00.0;
WUH009319;KA;855/12;WUH;LAX;2019-02-12 09:00;2019-02-12 20:40:00.0;2019-02-13 09:15:00.0;
ICN607194;KE;893/13;ICN;PVG;2019-02-12 11:00;2019-02-13 08:35:00.0;2019-02-13 09:45:00.0;
SIN658894;SQ;608;SIN;ICN;2019-02-12 18:00;2019-02-13 02:30:00.0;2019-02-13 09:50:00.0;
DWC609305;SV;557/13;DWC;DMM;2019-02-12 08:30;2019-02-12 23:30:00.0;2019-02-13 10:00:00.0;
IST984498;TK;1661/13;IST;HAM;2019-02-12 07:00;2019-02-13 09:15:00.0;2019-02-13 10:05:00.0;
GVA945986;LX;2092;GVA;LIS;2019-02-12 13:00;2019-02-13 09:00:00.0;2019-02-13 10:35:00.0;
BRU525314;UA;0149/12;BRU;GRU;2019-02-12 05:14;2019-02-12 10:00:00.0;2019-02-13 10:40:00.0;
BRU102828;UA;0998;BRU;EZE;2019-02-12 04:58;2019-02-12 10:00:00.0;2019-02-13 10:50:00.0;
SIN658717;SQ;178;SIN;SGN;2019-02-12 16:15;2019-02-13 09:45:00.0;2019-02-13 10:55:00.0;
SIN658806;SQ;178;SIN;SGN;2019-02-12 19:29;2019-02-13 09:45:00.0;2019-02-13 10:55:00.0;
ICN607560;KE;691/13;ICN;TPE;2019-02-13 00:40;2019-02-13 09:00:00.0;2019-02-13 11:00:00.0;
TPE621987;CI;160/13;TPE;ICN;2019-02-12 18:00;2019-02-13 07:50:00.0;2019-02-13 11:15:00.0;
TPE621758;BR;271/13;TPE;MNL;2019-02-12 16:00;2019-02-13 09:10:00.0;2019-02-13 11:45:00.0;
TPE621979;BR;271/13;TPE;MNL;2019-02-12 14:00;2019-02-13 09:10:00.0;2019-02-13 11:45:00.0;
EIN108019;KL;8140;EIN;LAX;2019-02-12 12:00;2019-02-12 21:59:00.0;2019-02-13 11:55:00.0;
NRT211687;CI;107/13;NRT;TPE;2019-02-12 09:00;2019-02-13 09:20:00.0;2019-02-13 12:30:00.0;
SIN658644;SQ;828;SIN;PVG;2019-02-12 17:44;2019-02-13 07:30:00.0;2019-02-13 12:45:00.0;
KIX678867;OZ;111/13;KIX;ICN;2019-02-12 11:00;2019-02-13 10:50:00.0;2019-02-13 12:50:00.0;
KIX678902;OZ;111/13;KIX;ICN;2019-02-12 11:00;2019-02-13 10:50:00.0;2019-02-13 12:50:00.0;
SIN658801;SQ;910;SIN;MNL;2019-02-12 18:37;2019-02-13 09:20:00.0;2019-02-13 13:00:00.0;
SIN658805;SQ;910;SIN;MNL;2019-02-12 19:24;2019-02-13 09:20:00.0;2019-02-13 13:00:00.0;
SIN658823;SQ;910;SIN;MNL;2019-02-12 19:30;2019-02-13 09:20:00.0;2019-02-13 13:00:00.0;
SIN658896;SQ;876;SIN;TPE;2019-02-12 19:00;2019-02-13 08:15:00.0;2019-02-13 13:00:00.0;
SIN658643;SQ;910;SIN;MNL;2019-02-12 17:44;2019-02-13 09:20:00.0;2019-02-13 13:00:00.0;
SIN658732;SQ;910;SIN;MNL;2019-02-12 19:18;2019-02-13 09:20:00.0;2019-02-13 13:00:00.0;
SIN658711;SQ;910;SIN;MNL;2019-02-12 16:15;2019-02-13 09:20:00.0;2019-02-13 13:00:00.0;
SIN658809;SQ;910;SIN;MNL;2019-02-12 18:52;2019-02-13 09:20:00.0;2019-02-13 13:00:00.0;
SIN658733;SQ;910;SIN;MNL;2019-02-12 19:27;2019-02-13 09:20:00.0;2019-02-13 13:00:00.0;
BLR878239;TG;922F/13;BLR;FRA;2019-02-12 01:00;2019-02-13 04:00:00.0;2019-02-13 13:00:00.0;
EIN108049;KL;6149;AMS;JFK;2019-02-12 14:00;2019-02-13 10:40:00.0;2019-02-13 13:30:00.0;
EIN108046;KL;6149;AMS;JFK;2019-02-12 17:00;2019-02-13 10:40:00.0;2019-02-13 13:30:00.0;
KIX678877;VJ;829/13;KIX;SGN;2019-02-12 16:00;2019-02-13 09:30:00.0;2019-02-13 13:30:00.0;
TPE621901;CA;638/13;TPE;PVG;2019-02-12 13:00;2019-02-13 11:55:00.0;2019-02-13 14:05:00.0;
CDG125883;AC;881;CDG;YYZ;2019-02-12 09:00;2019-02-13 11:30:00.0;2019-02-13 14:10:00.0;
ICN607491;CI;161/13;ICN;TPE;2019-02-12 11:00;2019-02-13 12:35:00.0;2019-02-13 14:10:00.0;
ICN607494;CI;161/13;ICN;TPE;2019-02-12 15:18;2019-02-13 12:35:00.0;2019-02-13 14:10:00.0;
ICN607497;CI;161/13;ICN;TPE;2019-02-12 11:00;2019-02-13 12:35:00.0;2019-02-13 14:10:00.0;
ICN607490;CI;161/13;ICN;TPE;2019-02-12 11:00;2019-02-13 12:35:00.0;2019-02-13 14:10:00.0;
QGL348120;AA;8050;ZRH;CLT;2019-02-12 10:00;2019-02-12 20:00:00.0;2019-02-13 14:20:00.0;
CDG125860;UA;914;CDG;IAD;2019-02-12 09:00;2019-02-13 12:25:00.0;2019-02-13 14:40:00.0;
FDH004346;AC;847;MUC;YYZ;2019-02-12 16:49;2019-02-13 11:50:00.0;2019-02-13 14:45:00.0;
LHR322966;BR;068/12;LHR;BKK;2019-02-12 11:00;2019-02-12 21:35:00.0;2019-02-13 15:05:00.0;
SYD433956;TG;476/13;SYD;BKK;2019-02-12 12:00;2019-02-13 10:00:00.0;2019-02-13 15:25:00.0;
SIN658743;CX;712;SIN;BKK;2019-02-12 19:26;2019-02-13 14:00:00.0;2019-02-13 15:30:00.0;
SIN941657;CX;712;SIN;BKK;2019-02-12 19:23;2019-02-13 14:00:00.0;2019-02-13 15:30:00.0;
SIN658858;CX;712;SIN;BKK;2019-02-12 19:32;2019-02-13 14:00:00.0;2019-02-13 15:30:00.0;
SIN658872;CX;712;SIN;BKK;2019-02-12 17:12;2019-02-13 14:00:00.0;2019-02-13 15:30:00.0;
SIN658705;CX;712;SIN;BKK;2019-02-12 19:26;2019-02-13 14:00:00.0;2019-02-13 15:30:00.0;
SIN658713;CX;712;SIN;BKK;2019-02-12 16:15;2019-02-13 14:00:00.0;2019-02-13 15:30:00.0;
BLR878258;9W;6072/13;BLR;STR;2019-02-12 12:00;2019-02-13 01:50:00.0;2019-02-13 15:35:00.0;
NRT211145;JL;717/13;NRT;BKK;2019-02-12 10:00;2019-02-13 10:40:00.0;2019-02-13 15:35:00.0;
BLR878255;9W;6072/13;BLR;STR;2019-02-12 12:00;2019-02-13 01:50:00.0;2019-02-13 15:35:00.0;
BLR878256;9W;6072/13;BLR;STR;2019-02-12 12:00;2019-02-13 01:50:00.0;2019-02-13 15:35:00.0;
STR072402;LH;7237S;STR;IAD;2019-02-12 14:42;2019-02-13 00:30:00.0;2019-02-13 15:35:00.0;
EIN108009;KL;8140;EIN;JFK;2019-02-12 12:00;2019-02-12 21:59:00.0;2019-02-13 15:45:00.0;
EIN108014;KL;8140;EIN;JFK;2019-02-12 12:00;2019-02-12 21:59:00.0;2019-02-13 15:45:00.0;
EIN108055;KL;641;AMS;JFK;2019-02-12 17:00;2019-02-13 13:25:00.0;2019-02-13 15:45:00.0;
EIN108004;KL;807;AMS;TPE;2019-02-12 12:00;2019-02-12 20:50:00.0;2019-02-13 15:50:00.0;
EIN108007;KL;807;AMS;TPE;2019-02-12 12:00;2019-02-12 20:50:00.0;2019-02-13 15:50:00.0;
EIN107992;KL;807;AMS;TPE;2019-02-12 09:00;2019-02-12 20:50:00.0;2019-02-13 15:50:00.0;
02031516133;LH;686;BSL;TLV;2019-02-12 10:00;2019-02-12 20:00:00.0;2019-02-13 16:00:00.0;
TPE621960;CA;196/13;TPE;PVG;2019-02-12 14:30;2019-02-13 14:35:00.0;2019-02-13 16:40:00.0;
TPE621988;CA;196/13;TPE;PVG;2019-02-12 18:00;2019-02-13 14:35:00.0;2019-02-13 16:40:00.0;
SYD433950;QF;0081/13;SYD;SIN;2019-02-12 11:00;2019-02-13 11:30:00.0;2019-02-13 16:45:00.0;
NRT211711;KE;704/13;NRT;ICN;2019-02-12 17:00;2019-02-13 14:00:00.0;2019-02-13 16:50:00.0;
NRT211688;KE;704/13;NRT;ICN;2019-02-12 09:00;2019-02-13 14:00:00.0;2019-02-13 16:50:00.0;
HKG622739;CA;112/13;HKG;PEK;2019-02-12 15:00;2019-02-13 14:20:00.0;2019-02-13 17:30:00.0;
KIX678803;JL;037/13;KIX;SIN;2019-02-12 16:00;2019-02-12 21:00:00.0;2019-02-13 17:30:00.0;
KHH621895;BR;716/13;KHH;PEK;2019-02-12 07:00;2019-02-13 15:20:00.0;2019-02-13 17:40:00.0;
KHH621899;BR;722/13;KHH;PVG;2019-02-12 10:00;2019-02-13 16:30:00.0;2019-02-13 18:00:00.0;
GVA945728;5Y;606;LUX;HSV;2019-02-12 00:00;2019-02-13 15:25:00.0;2019-02-13 18:05:00.0;
STR072269;5Y;606;STR;HSV;2019-02-12 12:44;2019-02-12 23:00:00.0;2019-02-13 18:05:00.0;
LHR323640;DI;7147/13;LGW;BOS;2019-02-12 15:00;2019-02-13 16:55:00.0;2019-02-13 18:10:00.0;
ICN607559;KE;693/13;ICN;TPE;2019-02-12 23:40;2019-02-13 16:20:00.0;2019-02-13 18:15:00.0;
12584298513;BA;662;BSL;LCA;2019-02-12 11:00;2019-02-12 17:55:00.0;2019-02-13 18:25:00.0;
TPE621918;BR;722/13;TPE;PVG;2019-02-12 13:30;2019-02-13 16:30:00.0;2019-02-13 18:25:00.0;
TPE621935;BR;722/13;TPE;PVG;2019-02-12 14:00;2019-02-13 16:30:00.0;2019-02-13 18:25:00.0;
KIX678878;CX;565/13;KIX;TPE;2019-02-12 16:00;2019-02-13 16:00:00.0;2019-02-13 18:30:00.0;
KIX678635;CX;565/13;KIX;TPE;2019-02-12 10:00;2019-02-13 16:00:00.0;2019-02-13 18:30:00.0;
KIX678879;CX;565/13;KIX;TPE;2019-02-12 16:00;2019-02-13 16:00:00.0;2019-02-13 18:30:00.0;
TPE621766;BR;716/13;TPE;BJS;2019-02-12 15:30;2019-02-13 15:20:00.0;2019-02-13 18:40:00.0;
TPE621767;BR;716/13;TPE;BJS;2019-02-12 15:00;2019-02-13 15:20:00.0;2019-02-13 18:40:00.0;
02041900784;LH;8424/13;BRU;ALA;2019-02-12 01:17;2019-02-12 19:00:00.0;2019-02-13 18:45:00.0;
TPE618769;TR;899/13;TPE;SIN;2019-02-12 17:00;2019-02-13 16:10:00.0;2019-02-13 18:55:00.0;
TPE621956;SQ;877/13;TPE;SIN;2019-02-12 15:00;2019-02-13 14:10:00.0;2019-02-13 18:55:00.0;
LIS074296;TP;0089/13;LIS;GRU;2019-02-12 07:00;2019-02-13 10:30:00.0;2019-02-13 18:55:00.0;
TPE618767;SQ;877/13;TPE;SIN;2019-02-12 15:00;2019-02-13 14:10:00.0;2019-02-13 18:55:00.0;
TPE621955;SQ;877/13;TPE;SIN;2019-02-12 14:46;2019-02-13 14:10:00.0;2019-02-13 18:55:00.0;
SIN942365;KZ;254;SIN;NRT;2019-02-12 16:16;2019-02-13 07:25:00.0;2019-02-13 19:00:00.0;
06534816972;SV;144;CDG;RUH;2019-02-12 09:00;2019-02-13 11:25:00.0;2019-02-13 19:00:00.0;
BER004850;KL;8430;TXL;JFK;2019-02-12 12:00;2019-02-12 22:00:00.0;2019-02-13 19:30:00.0;
DUS014272;LH;7103S;DUS;SFO;2019-02-12 15:20;2019-02-13 07:25:00.0;2019-02-13 19:35:00.0;
VIE319997;LH;692/13;VIE;AMM;2019-02-12 10:00;2019-02-13 07:10:00.0;2019-02-13 19:40:00.0;
BSL127827;LX;052;BSL;BOS;2019-02-12 10:00;2019-02-12 18:30:00.0;2019-02-13 19:55:00.0;
FDH004347;UA;933;STR;IAD;2019-02-12 16:49;2019-02-12 22:00:00.0;2019-02-13 20:10:00.0;
BKK315379;EY;901/13;BKK;FRA;2019-02-12 15:00;2019-02-13 01:55:00.0;2019-02-13 20:20:00.0;
BLR878252;CX;500/13;BLR;NRT;2019-02-12 12:00;2019-02-13 01:30:00.0;2019-02-13 20:25:00.0;
DWC609289;AF;345/08;DWC;CDG;2019-02-12 10:00;2019-02-13 13:00:00.0;2019-02-13 21:00:00.0;
DWC609287;AF;345/08;DWC;CDG;2019-02-12 10:00;2019-02-13 13:00:00.0;2019-02-13 21:00:00.0;
AMS102247;EK;9918;AMS;DWC;2019-02-12 13:00;2019-02-13 11:40:00.0;2019-02-13 21:00:00.0;
AMS102242;EK;9918;AMS;DWC;2019-02-12 13:00;2019-02-13 11:40:00.0;2019-02-13 21:00:00.0;
PNQ196430;CX;0862/13;BOM;NKG;2019-02-12 10:00;2019-02-13 01:50:00.0;2019-02-13 21:25:00.0;
EIN107797;CV;7962;EIN;TPE;2019-02-12 10:41;2019-02-12 21:15:00.0;2019-02-13 21:30:00.0;
EIN107353;CV;7962;EIN;TPE;2019-02-12 10:39;2019-02-12 21:15:00.0;2019-02-13 21:30:00.0;
FRA042240;LH;572;FRA;JNB;2019-02-12 12:54;2019-02-12 18:00:00.0;2019-02-13 22:00:00.0;
FRA042241;LH;572;FRA;JNB;2019-02-12 12:54;2019-02-12 18:00:00.0;2019-02-13 22:00:00.0;
FRA042242;LH;572;FRA;JNB;2019-02-12 12:54;2019-02-12 18:00:00.0;2019-02-13 22:00:00.0;
FRA042243;LH;572;FRA;JNB;2019-02-12 12:54;2019-02-12 18:00:00.0;2019-02-13 22:00:00.0;
SIN943749;NH;8520;SIN;HKG;2019-02-12 16:30;2019-02-13 17:55:00.0;2019-02-13 22:10:00.0;
SIN658853;NH;8520;SIN;HKG;2019-02-12 17:44;2019-02-13 17:55:00.0;2019-02-13 22:10:00.0;
SIN658865;NH;8520;SIN;HKG;2019-02-12 19:32;2019-02-13 17:55:00.0;2019-02-13 22:10:00.0;
SIN658553;CK;288;SIN;BKK;2019-02-12 19:19;2019-02-13 21:30:00.0;2019-02-13 22:15:00.0;
EIN108041;LH;8160;FRA;JFK;2019-02-12 14:00;2019-02-13 19:50:00.0;2019-02-13 22:25:00.0;
72469626292;LX;154;BSL;BOM;2019-02-12 08:00;2019-02-12 19:50:00.0;2019-02-13 22:30:00.0;
72469626314;LX;154;BSL;BOM;2019-02-12 08:00;2019-02-12 19:50:00.0;2019-02-13 22:30:00.0;
EIN108013;CV;8201;EIN;SEA;2019-02-12 12:00;2019-02-12 17:00:00.0;2019-02-13 22:40:00.0;
POA130551;M3;0001/13;VCP;EZE;2019-02-12 10:00;2019-02-13 18:00:00.0;2019-02-13 23:00:00.0;
PRG609149;SU;206/13;PRG;PVG;2019-02-12 07:00;2019-02-12 18:45:00.0;2019-02-13 23:05:00.0;
SIN658440;CK;288;SIN;BKK;2019-02-12 19:16;2019-02-13 22:30:00.0;2019-02-13 23:15:00.0;
NUE051623;LH;1410;FRA;BEG;2019-02-12 10:32;2019-02-13 21:50:00.0;2019-02-13 23:35:00.0;
SIN914276;TG;402;SIN;BLR;2019-02-11 18:00;2019-02-12 08:15:00.0;2019-02-13 23:55:00.0;
MUC024796;LH;766;MUC;BOM;2019-02-12 10:46;2019-02-12 17:00:00.0;2019-02-13 23:55:00.0;
SIN658762;TG;402;SIN;BLR;2019-02-11 18:00;2019-02-12 08:15:00.0;2019-02-13 23:55:00.0;
SIN914279;TG;402;SIN;BLR;2019-02-11 18:00;2019-02-12 08:15:00.0;2019-02-13 23:55:00.0;
SIN914277;TG;402;SIN;BLR;2019-02-11 18:00;2019-02-12 08:15:00.0;2019-02-13 23:55:00.0;
MUC024807;LH;766;MUC;BOM;2019-02-12 12:52;2019-02-12 17:00:00.0;2019-02-13 23:55:00.0;
ICN607488;KE;925/12;ICN;EIN;2019-02-12 09:00;2019-02-12 14:05:00.0;2019-02-13 23:59:00.0;
ICN607486;KL;856/13;ICN;EIN;2019-02-12 05:00;2019-02-13 00:55:00.0;2019-02-13 23:59:00.0;
MHG007064;AC;873;FRA;YYZ;2019-02-12 16:10;2019-02-14 10:00:00.0;2019-02-14 00:00:00.0;
PRG609082;AC;873/14;PRG;YYZ;2019-02-12 08:05;2019-02-12 18:00:00.0;2019-02-14 00:00:00.0;
ADL702637;NZ;024/14;ADL;YVR;2019-02-12 12:00;2019-02-13 00:00:00.0;2019-02-14 00:00:00.0;
KRK606321;LH;8386/12;KTW;ICN;2019-02-12 11:30;2019-02-12 18:15:00.0;2019-02-14 00:15:00.0;
HYD402965;QR;8111/13;HYD;MXP;2019-02-12 18:00;2019-02-13 11:30:00.0;2019-02-14 00:45:00.0;
02031516111;LH;859;BSL;TLV;2019-02-12 10:00;2019-02-13 20:00:00.0;2019-02-14 00:50:00.0;
SIN940859;CX;714;SIN;PEK;2019-02-12 16:16;2019-02-13 01:25:00.0;2019-02-14 02:10:00.0;
STR072300;P3;804;STR;MEX;2019-02-12 10:04;2019-02-12 22:00:00.0;2019-02-14 03:35:00.0;
DUS014289;P3;804;DUS;MEX;2019-02-12 09:37;2019-02-12 19:30:00.0;2019-02-14 03:35:00.0;
02089957475;LH;4040;MST;JFK;2019-02-12 08:21;2019-02-12 10:00:00.0;2019-02-14 04:00:00.0;
MST100654;LH;7711;MST;JFK;2019-02-12 08:21;2019-02-12 10:00:00.0;2019-02-14 04:00:00.0;
NUE051760;LY;3301;NUE;TLV;2019-02-12 00:00;2019-02-12 20:30:00.0;2019-02-14 04:00:00.0;
PRG609178;LY;809/13;PRG;TLV;2019-02-12 07:00;2019-02-12 18:00:00.0;2019-02-14 04:00:00.0;
AMS102244;AM;026;AMS;MEX;2019-02-12 13:00;2019-02-13 22:25:00.0;2019-02-14 04:05:00.0;
MST100673;AM;026;MST;MEX;2019-02-12 07:00;2019-02-11 12:00:00.0;2019-02-14 04:05:00.0;
DUS014264;LH;7103S;DUS;BOM;2019-02-12 15:20;2019-02-12 23:00:00.0;2019-02-14 04:20:00.0;
NUE051605;LA;8071;DUS;GRU;2019-02-12 09:19;2019-02-12 19:30:00.0;2019-02-14 04:50:00.0;
PRG609218;LA;8071/13;PRG;GRU;2019-02-12 12:00;2019-02-12 18:00:00.0;2019-02-14 04:50:00.0;
DEL174293;MU;0564/14;DEL;PVG;2019-02-12 09:30;2019-02-13 20:40:00.0;2019-02-14 04:55:00.0;
DEL174295;MU;0564/14;DEL;PVG;2019-02-12 09:30;2019-02-13 20:40:00.0;2019-02-14 04:55:00.0;
DEL174292;MU;0564/14;DEL;PVG;2019-02-12 09:30;2019-02-13 20:40:00.0;2019-02-14 04:55:00.0;
DEL174294;MU;0564/14;DEL;PVG;2019-02-12 09:30;2019-02-13 20:40:00.0;2019-02-14 04:55:00.0;
KIX678880;JL;727/14;KIX;BKK;2019-02-12 16:00;2019-02-14 00:50:00.0;2019-02-14 05:00:00.0;
TPE621900;CA;1044/13;TPE;STR;2019-02-12 10:00;2019-02-13 08:00:00.0;2019-02-14 05:00:00.0;
PNQ196428;TG;0318/14;BOM;BKK;2019-02-12 10:00;2019-02-13 23:20:00.0;2019-02-14 05:05:00.0;
IST984495;TK;0720/13;IST;BOM;2019-02-12 07:00;2019-02-13 20:05:00.0;2019-02-14 05:15:00.0;
IST984496;TK;0720/13;IST;BOM;2019-02-12 07:00;2019-02-13 20:05:00.0;2019-02-14 05:15:00.0;
IST984502;TK;0720/13;IST;BOM;2019-02-12 07:00;2019-02-13 20:05:00.0;2019-02-14 05:15:00.0;
IST984503;TK;0720/13;IST;BOM;2019-02-12 07:00;2019-02-13 20:05:00.0;2019-02-14 05:15:00.0;
MIL148045;CA;968;MIL;PVG;2019-02-12 08:00;2019-02-13 11:30:00.0;2019-02-14 05:30:00.0;
MIL148053;CA;968;MIL;PVG;2019-02-12 12:00;2019-02-13 11:30:00.0;2019-02-14 05:30:00.0;
FKB014434;LH;8272;FKB;VCP;2019-02-12 13:23;2019-02-12 23:00:00.0;2019-02-14 05:45:00.0;
MNL600525;CX;3254/14;MNL;PVG;2019-02-12 09:00;2019-02-13 11:00:00.0;2019-02-14 05:50:00.0;
MNL600524;CX;3254/14;MNL;PVG;2019-02-12 09:00;2019-02-13 11:00:00.0;2019-02-14 05:50:00.0;
QGL348137;EK;086;ZRH;HKG;2019-02-12 10:00;2019-02-12 21:55:00.0;2019-02-14 06:00:00.0;
BLR878260;TG;0326/14;BLR;BKK;2019-02-12 01:30;2019-02-14 01:10:00.0;2019-02-14 06:15:00.0;
BRE003040;CV;8923;BRE;ALA;2019-02-12 15:40;2019-02-12 20:00:00.0;2019-02-14 06:30:00.0;
DUS014256;AI;120;DUS;DEL;2019-02-12 08:00;2019-02-12 19:30:00.0;2019-02-14 06:30:00.0;
NUE051569;AI;120;NUE;DEL;2019-02-12 16:00;2019-02-12 20:30:00.0;2019-02-14 06:30:00.0;
NUE051570;AI;120;NUE;DEL;2019-02-12 15:30;2019-02-12 20:30:00.0;2019-02-14 06:30:00.0;
FKB014511;AI;120;FKB;DEL;2019-02-12 14:06;2019-02-12 23:00:00.0;2019-02-14 06:30:00.0;
PRG609253;AI;120/13;PRG;DEL;2019-02-12 11:24;2019-02-12 18:00:00.0;2019-02-14 06:30:00.0;
PRG609217;LH;506/13;PRG;GRU;2019-02-12 07:00;2019-02-12 20:30:00.0;2019-02-14 06:55:00.0;
PRG609232;LH;506/13;PRG;GRU;2019-02-12 08:00;2019-02-13 10:45:00.0;2019-02-14 06:55:00.0;
BNE503366;SQ;0336/14;BNE;CDG;2019-02-11 13:01;2019-02-13 09:10:00.0;2019-02-14 07:15:00.0;
NUE051805;LH;8400;FRA;PVG;2019-02-12 16:19;2019-02-13 13:35:00.0;2019-02-14 07:20:00.0;
02031516192;LH;8400;BSL;PVG;2019-02-12 10:00;2019-02-12 21:30:00.0;2019-02-14 07:20:00.0;
NUE051816;LH;8400;FRA;PVG;2019-02-12 17:03;2019-02-13 13:35:00.0;2019-02-14 07:20:00.0;
NUE051811;LH;8400;FRA;PVG;2019-02-12 16:39;2019-02-13 13:35:00.0;2019-02-14 07:20:00.0;
NKG213608;OZ;988/14;PVG;ICN;2019-02-12 16:00;2019-02-14 04:00:00.0;2019-02-14 07:35:00.0;
GVA945995;LX;2819;GVA;PVG;2019-02-12 13:00;2019-02-12 20:00:00.0;2019-02-14 07:55:00.0;
GVA945992;LX;2819;GVA;PVG;2019-02-12 13:00;2019-02-12 20:00:00.0;2019-02-14 07:55:00.0;
GVA945996;LX;2819;GVA;PVG;2019-02-12 13:00;2019-02-12 20:00:00.0;2019-02-14 07:55:00.0;
TPE621871;CA;1044/13;TPE;DUS;2019-02-12 15:00;2019-02-13 08:00:00.0;2019-02-14 08:00:00.0;
KUL113018;CI;5398/15;KUL;VCP;2019-02-12 10:00;2019-02-13 14:25:00.0;2019-02-14 08:10:00.0;
HEL706505;AY;085/13;HEL;PEK;2019-02-12 08:30;2019-02-13 17:30:00.0;2019-02-14 08:30:00.0;
IST984499;EK;0504/14;IST;BOM;2019-02-12 07:00;2019-02-12 20:05:00.0;2019-02-14 08:35:00.0;
IST984500;EK;0504/14;IST;BOM;2019-02-12 07:00;2019-02-12 20:05:00.0;2019-02-14 08:35:00.0;
72469626244;LX;160;BSL;NRT;2019-02-12 11:00;2019-02-12 19:50:00.0;2019-02-14 08:55:00.0;
72469626270;LX;160;BSL;NRT;2019-02-12 11:00;2019-02-12 19:50:00.0;2019-02-14 08:55:00.0;
BCN201306;IB;2601/14;BCN;EZE;2019-02-12 09:00;2019-02-14 01:00:00.0;2019-02-14 09:00:00.0;
TXG621874;CA;1044/13;TPE;FRA;2019-02-12 10:00;2019-02-13 08:00:00.0;2019-02-14 09:10:00.0;
DUS014229;TK;1528;DUS;ESB;2019-02-12 14:00;2019-02-13 11:20:00.0;2019-02-14 09:20:00.0;
MST100683;UA;021;MST;GRU;2019-02-12 13:04;2019-02-12 18:00:00.0;2019-02-14 09:50:00.0;
POA130550;LH;8265/13;VCP;FRA;2019-02-12 10:00;2019-02-13 07:50:00.0;2019-02-14 09:50:00.0;
TPE622003;OZ;301/14;TPE;DLC;2019-02-12 19:00;2019-02-13 13:00:00.0;2019-02-14 09:55:00.0;
DWC609308;SV;557/14;DWC;DMM;2019-02-12 09:20;2019-02-13 23:30:00.0;2019-02-14 10:00:00.0;
GOT097493;LH;8272/13;GOT;CWB;2019-02-12 10:00;2019-02-12 20:00:00.0;2019-02-14 10:00:00.0;
BIO300351;IB;6841/13;BIO;EZE;2019-02-12 10:00;2019-02-12 16:00:00.0;2019-02-14 10:00:00.0;
POA130552;AD;0161/14;VCP;ORD;2019-02-12 10:00;2019-02-13 21:00:00.0;2019-02-14 10:00:00.0;
SYD433569;TG;924/13;SYD;MST;2019-02-12 13:00;2019-02-13 01:00:00.0;2019-02-14 10:00:00.0;
DWC609304;SV;1126/14;DWC;DMM;2019-02-12 09:00;2019-02-12 23:30:00.0;2019-02-14 10:00:00.0;
NUE051696;LH;1238;FRA;PEK;2019-02-12 16:06;2019-02-13 11:50:00.0;2019-02-14 10:20:00.0;
EIN108028;CV;8201;EIN;LAX;2019-02-12 12:00;2019-02-13 10:00:00.0;2019-02-14 10:40:00.0;
KRK606312;LH;712/13;KTW;ICN;2019-02-12 11:30;2019-02-12 11:30:00.0;2019-02-14 10:45:00.0;
NRT211340;KL;862/13;NRT;EIN;2019-02-13 08:00;2019-02-13 11:25:00.0;2019-02-14 11:00:00.0;
SIN940857;CA;976;SIN;XIY;2019-02-12 16:16;2019-02-13 09:00:00.0;2019-02-14 11:05:00.0;
BKK315465;QR;8157/14;BKK;DUS;2019-02-12 10:00;2019-02-13 09:35:00.0;2019-02-14 11:45:00.0;
BKK315378;QR;8157/14;BKK;PRG;2019-02-12 13:00;2019-02-13 09:35:00.0;2019-02-14 11:45:00.0;
02031516122;LH;712;BSL;ICN;2019-02-12 10:00;2019-02-12 21:30:00.0;2019-02-14 12:00:00.0;
PVG081468;LX;222/14;PVG;MAO;2019-02-12 05:00;2019-02-13 09:10:00.0;2019-02-14 12:00:00.0;
02031516100;LH;712;BSL;ICN;2019-02-12 10:00;2019-02-12 21:30:00.0;2019-02-14 12:00:00.0;
TPE621852;CV;797/13;TPE;EIN;2019-02-12 11:00;2019-02-13 23:15:00.0;2019-02-14 12:15:00.0;
ZGN088472;QR;8221/14;HKG;FRA;2019-02-12 10:00;2019-02-13 20:05:00.0;2019-02-14 12:20:00.0;
BRE003046;P3;825;BRE;ATL;2019-02-12 15:43;2019-02-12 17:00:00.0;2019-02-14 12:20:00.0;
SZX159230;QR;8221/14;SZX;FRA;2019-02-12 10:00;2019-02-13 10:00:00.0;2019-02-14 12:20:00.0;
ZGN088468;QR;8221/14;HKG;FRA;2019-02-12 10:00;2019-02-13 20:05:00.0;2019-02-14 12:20:00.0;
ZGN088474;QR;8221/14;HKG;FRA;2019-02-12 10:00;2019-02-13 20:05:00.0;2019-02-14 12:20:00.0;
SZX159232;QR;8221/14;SZX;FRA;2019-02-12 10:00;2019-02-13 10:00:00.0;2019-02-14 12:20:00.0;
SZX159233;QR;8221/14;SZX;FRA;2019-02-12 10:00;2019-02-13 10:00:00.0;2019-02-14 12:20:00.0;
SZX159229;QR;8221/14;SZX;FRA;2019-02-12 10:00;2019-02-13 10:00:00.0;2019-02-14 12:20:00.0;
SZX159231;QR;8221/14;SZX;FRA;2019-02-12 10:00;2019-02-13 10:00:00.0;2019-02-14 12:20:00.0;
ZGN088470;QR;8221/14;HKG;FRA;2019-02-12 10:00;2019-02-13 20:05:00.0;2019-02-14 12:20:00.0;
DEL174303;MH;721/14;DEL;JKT;2019-02-12 10:40;2019-02-13 23:00:00.0;2019-02-14 12:30:00.0;
LNZ728797;AF;3622/14;LNZ;SEA;2019-02-12 11:00;2019-02-13 10:00:00.0;2019-02-14 12:30:00.0;
MUC024740;AC;873;MUC;YYZ;2019-02-12 08:01;2019-02-12 20:00:00.0;2019-02-14 12:35:00.0;
MUC024742;AC;873;MUC;YYZ;2019-02-12 08:01;2019-02-12 20:00:00.0;2019-02-14 12:35:00.0;
MUC024736;AC;873;MUC;YYZ;2019-02-12 08:01;2019-02-12 20:00:00.0;2019-02-14 12:35:00.0;
BKK315371;RJ;165/14;BKK;IST;2019-02-12 10:00;2019-02-13 00:20:00.0;2019-02-14 13:05:00.0;
GOT097405;KL;0623/14;GOT;ATL;2019-02-12 10:00;2019-02-12 22:00:00.0;2019-02-14 13:15:00.0;
MHG007060;7L;786;FRA;ORD;2019-02-12 09:53;2019-02-14 10:35:00.0;2019-02-14 13:20:00.0;
FKB014474;OZ;796;NUE;ICN;2019-02-12 11:19;2019-02-12 20:30:00.0;2019-02-14 13:40:00.0;
FKB014549;OZ;796;FKB;ICN;2019-02-12 15:06;2019-02-12 23:00:00.0;2019-02-14 13:40:00.0;
FKB014508;OZ;796;FKB;ICN;2019-02-12 09:41;2019-02-12 23:00:00.0;2019-02-14 13:40:00.0;
FKB014528;OZ;796;NUE;ICN;2019-02-12 11:45;2019-02-12 20:30:00.0;2019-02-14 13:40:00.0;
FKB014491;OZ;796;FRA;ICN;2019-02-12 12:45;2019-02-13 20:10:00.0;2019-02-14 13:40:00.0;
HAJ029625;OZ;796;FRA;ICN;2019-02-12 09:22;2019-02-13 20:10:00.0;2019-02-14 13:40:00.0;
FKB014541;OZ;796;FKB;ICN;2019-02-12 14:24;2019-02-12 23:00:00.0;2019-02-14 13:40:00.0;
05781389663;AF;0136;BSL;ORD;2019-02-12 11:00;2019-02-12 19:00:00.0;2019-02-14 13:55:00.0;
FKB014556;LH;7684;FKB;JFK;2019-02-12 15:06;2019-02-12 21:00:00.0;2019-02-14 14:20:00.0;
FKB014535;LH;7684;FKB;JFK;2019-02-12 15:06;2019-02-12 23:00:00.0;2019-02-14 14:20:00.0;
BKK152769;LX;066/14;BKK;VCP;2019-02-12 13:00;2019-02-13 13:05:00.0;2019-02-14 14:35:00.0;
BKK152768;LX;066/14;BKK;MAO;2019-02-12 13:00;2019-02-13 13:05:00.0;2019-02-14 14:35:00.0;
QGL348151;TK;6330;ZRH;IST;2019-02-12 10:00;2019-02-14 10:45:00.0;2019-02-14 14:35:00.0;
LYS408895;UA;914;LYS;IAD;2019-02-12 10:00;2019-02-12 22:00:00.0;2019-02-14 14:40:00.0;
LYS408898;UA;914;LYS;IAD;2019-02-12 10:00;2019-02-12 22:00:00.0;2019-02-14 14:40:00.0;
LYS408897;UA;914;LYS;IAD;2019-02-12 10:00;2019-02-12 22:00:00.0;2019-02-14 14:40:00.0;
NUE051798;LH;772;FRA;BKK;2019-02-12 16:06;2019-02-13 22:00:00.0;2019-02-14 14:45:00.0;
GOT097488;TG;0413/14;GOT;SIN;2019-02-12 10:00;2019-02-13 22:00:00.0;2019-02-14 14:50:00.0;
EIN108034;AA;8881;AMS;ORD;2019-02-12 15:00;2019-02-13 18:00:00.0;2019-02-14 14:55:00.0;
EIN108038;AA;8881;AMS;ORD;2019-02-12 15:00;2019-02-13 18:00:00.0;2019-02-14 14:55:00.0;
CDG125874;AA;049;CDG;DFW;2019-02-12 09:00;2019-02-14 11:30:00.0;2019-02-14 14:55:00.0;
BCN201307;LA;8115/13;BCN;GRU;2019-02-12 09:00;2019-02-13 23:00:00.0;2019-02-14 15:00:00.0;
08034238654;LO;705;DUS;MSQ;2019-02-12 14:00;2019-02-13 07:20:00.0;2019-02-14 15:05:00.0;
LHR323608;VS;019/14;LHR;LAS;2019-02-12 14:40;2019-02-14 11:50:00.0;2019-02-14 15:05:00.0;
LHR323611;VS;019/14;LHR;SFO;2019-02-12 14:30;2019-02-14 11:50:00.0;2019-02-14 15:05:00.0;
23533400183;TK;14021;FRA;LED;2019-02-12 14:10;2019-02-13 18:55:00.0;2019-02-14 15:15:00.0;
LNZ728845;OS;025/13;LNZ;BKK;2019-02-12 08:00;2019-02-12 22:30:00.0;2019-02-14 15:20:00.0;
LHR323617;VS;103/14;LHR;ATL;2019-02-12 14:40;2019-02-14 11:00:00.0;2019-02-14 15:30:00.0;
FKB014479;QR;9011;FKB;DFW;2019-02-12 14:02;2019-02-12 23:00:00.0;2019-02-14 15:30:00.0;
AMD393114;SQ;836/14;AMD;PVG;2019-02-12 10:30;2019-02-12 23:00:00.0;2019-02-14 15:30:00.0;
LHR323616;VS;103/14;LHR;ATL;2019-02-12 15:00;2019-02-14 11:00:00.0;2019-02-14 15:30:00.0;
07422657902;KL;0651;BSL;IAD;2019-02-12 11:00;2019-02-12 18:00:00.0;2019-02-14 15:50:00.0;
QGL347740;CV;8923;QGL;HKG;2019-02-12 10:00;2019-02-12 16:00:00.0;2019-02-14 15:55:00.0;
72469626174;LX;176;BSL;SIN;2019-02-12 10:00;2019-02-12 20:00:00.0;2019-02-14 16:00:00.0;
SIN940856;JL;038;SIN;NRT;2019-02-12 16:16;2019-02-14 02:15:00.0;2019-02-14 16:00:00.0;
72469626152;LX;176;BSL;SIN;2019-02-12 10:00;2019-02-12 20:00:00.0;2019-02-14 16:00:00.0;
72469626163;LX;176;BSL;SIN;2019-02-12 10:00;2019-02-12 20:00:00.0;2019-02-14 16:00:00.0;
KHH621915;MH;129/14;KHH;MEL;2019-02-12 07:00;2019-02-13 15:10:00.0;2019-02-14 16:00:00.0;
LYS408901;AF;6730;LYS;ORD;2019-02-12 10:00;2019-02-12 22:00:00.0;2019-02-14 16:10:00.0;
LYS408906;AF;6730;LYS;ORD;2019-02-12 10:00;2019-02-12 22:00:00.0;2019-02-14 16:10:00.0;
QGL348139;LX;038;ZRH;SFO;2019-02-12 10:00;2019-02-14 13:15:00.0;2019-02-14 16:15:00.0;
BCN201227;KE;0916/13;BCN;ICN;2019-02-12 09:00;2019-02-13 20:15:00.0;2019-02-14 16:15:00.0;
MNL600483;QR;777/14;MNL;MAO;2019-02-12 13:00;2019-02-12 23:20:00.0;2019-02-14 16:15:00.0;
QGL348119;LX;176;ZRH;SIN;2019-02-12 10:00;2019-02-13 22:45:00.0;2019-02-14 16:15:00.0;
NUE051732;ME;218;FRA;BEY;2019-02-12 00:00;2019-02-14 12:00:00.0;2019-02-14 16:50:00.0;
FKB014531;KL;8098;FRA;CUR;2019-02-12 12:15;2019-02-13 23:59:00.0;2019-02-14 16:55:00.0;
BSL127830;LH;098;BSL;YUL;2019-02-12 10:00;2019-02-14 09:15:00.0;2019-02-14 17:40:00.0;
LNZ728859;LX;064/14;LNZ;MIA;2019-02-12 11:00;2019-02-13 09:00:00.0;2019-02-14 17:45:00.0;
58019680894;RU;418;FRA;SVO;2019-02-12 14:00;2019-02-14 12:30:00.0;2019-02-14 17:50:00.0;
58019680883;RU;418;FRA;SVO;2019-02-12 14:00;2019-02-14 12:30:00.0;2019-02-14 17:50:00.0;
58019680916;RU;418;FRA;SVO;2019-02-12 14:00;2019-02-14 12:30:00.0;2019-02-14 17:50:00.0;
MAD833156;IB;6403/14;MAD;MEX;2019-02-12 14:00;2019-02-14 13:00:00.0;2019-02-14 18:00:00.0;
72469626126;LX;176;BSL;SIN;2019-02-12 10:00;2019-02-12 20:00:00.0;2019-02-14 18:00:00.0;
72469626233;LX;176;BSL;SIN;2019-02-12 11:00;2019-02-12 19:50:00.0;2019-02-14 18:00:00.0;
72469626115;LX;176;BSL;SIN;2019-02-12 10:00;2019-02-12 20:00:00.0;2019-02-14 18:00:00.0;
72469626045;LX;176;BSL;SIN;2019-02-12 10:00;2019-02-12 20:00:00.0;2019-02-14 18:00:00.0;
72469626093;LX;176;BSL;SIN;2019-02-12 10:00;2019-02-12 20:00:00.0;2019-02-14 18:00:00.0;
72469626104;LX;176;BSL;SIN;2019-02-12 10:00;2019-02-12 20:00:00.0;2019-02-14 18:00:00.0;
72469626130;LX;176;BSL;SIN;2019-02-12 10:00;2019-02-12 20:00:00.0;2019-02-14 18:00:00.0;
STR072160;IB;9040;STR;MEX;2019-02-12 13:27;2019-02-12 22:00:00.0;2019-02-14 18:05:00.0;
MUC024721;IB;9040;MUC;MEX;2019-02-12 12:51;2019-02-12 20:00:00.0;2019-02-14 18:05:00.0;
MUC024723;IB;9040;MUC;MEX;2019-02-12 12:51;2019-02-12 20:00:00.0;2019-02-14 18:05:00.0;
MUC024726;IB;9040;MUC;MEX;2019-02-12 12:51;2019-02-12 20:00:00.0;2019-02-14 18:05:00.0;
STR072164;IB;9040;STR;MEX;2019-02-12 15:00;2019-02-12 22:00:00.0;2019-02-14 18:05:00.0;
MUC024729;IB;9040;MUC;MEX;2019-02-12 12:51;2019-02-12 20:00:00.0;2019-02-14 18:05:00.0;
61859580323;SQ;0186;BSL;SGN;2019-02-12 11:00;2019-02-12 19:00:00.0;2019-02-14 18:40:00.0;
STR072352;P3;374;STR;NRT;2019-02-12 13:23;2019-02-12 22:00:00.0;2019-02-14 19:00:00.0;
BLR878261;QR;8139/14;BLR;ZIW;2019-02-12 12:00;2019-02-13 13:50:00.0;2019-02-14 19:00:00.0;
STR072416;P3;374;STR;NRT;2019-02-12 11:41;2019-02-12 22:00:00.0;2019-02-14 19:00:00.0;
NUE051772;P3;374;NUE;NRT;2019-02-12 15:21;2019-02-12 20:30:00.0;2019-02-14 19:00:00.0;
NUE051782;P3;374;NUE;NRT;2019-02-12 15:21;2019-02-12 20:30:00.0;2019-02-14 19:00:00.0;
BLR878207;QR;8139/14;BLR;BUH;2019-02-12 12:00;2019-02-13 13:50:00.0;2019-02-14 19:00:00.0;
STR072349;P3;374;STR;NRT;2019-02-12 13:23;2019-02-12 22:00:00.0;2019-02-14 19:00:00.0;
STR072425;P3;374;STR;NRT;2019-02-12 13:23;2019-02-12 22:00:00.0;2019-02-14 19:00:00.0;
MUC024724;P3;374;MUC;NRT;2019-02-12 12:43;2019-02-12 20:00:00.0;2019-02-14 19:00:00.0;
NUE051688;P33;374;MUC;NRT;2019-02-12 12:23;2019-02-12 20:00:00.0;2019-02-14 19:00:00.0;
05781389685;AF;0474;BSL;PTY;2019-02-12 11:00;2019-02-12 19:00:00.0;2019-02-14 19:05:00.0;
ICN607434;5Y;045/14;ICN;VCP;2019-02-12 14:16;2019-02-12 22:00:00.0;2019-02-14 19:10:00.0;
LHR323614;VS;001/14;LHR;EWR;2019-02-12 15:00;2019-02-14 16:15:00.0;2019-02-14 19:20:00.0;
LHR323613;VS;001/14;LHR;EWR;2019-02-12 15:00;2019-02-14 16:15:00.0;2019-02-14 19:20:00.0;
PRG609239;NH;8070/14;PRG;NRT;2019-02-12 07:00;2019-02-12 17:00:00.0;2019-02-14 19:30:00.0;
PRG609238;NH;8070/14;PRG;NRT;2019-02-12 07:00;2019-02-12 17:00:00.0;2019-02-14 19:30:00.0;
PRG609237;NH;8070/14;PRG;NRT;2019-02-12 07:00;2019-02-12 17:00:00.0;2019-02-14 19:30:00.0;
MUC024826;AF;305;MUC;DTW;2019-02-12 10:21;2019-02-12 20:00:00.0;2019-02-14 19:35:00.0;
EIN108037;UA;021;AMS;LAX;2019-02-12 18:00;2019-02-13 11:00:00.0;2019-02-14 19:49:00.0;
MUC024619;RJ;1080;MUC;AMM;2019-02-12 11:32;2019-02-13 19:00:00.0;2019-02-14 19:55:00.0;
QGL348127;TG;971;ZRH;SIN;2019-02-12 10:00;2019-02-13 13:30:00.0;2019-02-14 19:55:00.0;
NUE051506;UA;933;BRE;IAD;2019-02-12 15:43;2019-02-12 17:00:00.0;2019-02-14 20:10:00.0;
MST100676;TK;6586;MST;BLR;2019-02-12 14:01;2019-02-13 12:00:00.0;2019-02-14 20:30:00.0;
TPE621938;CX;036/14;TPE;ICN;2019-02-12 17:00;2019-02-13 12:55:00.0;2019-02-14 20:30:00.0;
23533653071;TK;6596;MST;BLR;2019-02-12 14:01;2019-02-13 12:00:00.0;2019-02-14 20:30:00.0;
SIN658803;EK;433;SIN;JNB;2019-02-12 19:23;2019-02-13 09:35:00.0;2019-02-14 20:50:00.0;
MHG007069;KE;530;FRA;KIX;2019-02-12 13:00;2019-02-13 17:25:00.0;2019-02-14 20:50:00.0;
PNQ196429;CA;1883/14;BOM;PVG;2019-02-12 10:00;2019-02-13 08:00:00.0;2019-02-14 21:00:00.0;
BRE003045;CV;7983;BRE;PVG;2019-02-12 15:40;2019-02-12 16:00:00.0;2019-02-14 21:45:00.0;
STR072262;CV;7983;STR;PVG;2019-02-12 08:25;2019-02-12 23:00:00.0;2019-02-14 21:45:00.0;
DUS014251;CV;7983;DUS;PVG;2019-02-12 12:53;2019-02-12 19:30:00.0;2019-02-14 21:45:00.0;
BUH714827;TK;0015/14;OTP;GRU;2019-02-12 12:00;2019-02-13 21:45:00.0;2019-02-14 22:00:00.0;
BUH714825;TK;0015/14;OTP;GRU;2019-02-12 12:00;2019-02-13 21:45:00.0;2019-02-14 22:00:00.0;
BUH714826;TK;0015/14;OTP;GRU;2019-02-12 12:00;2019-02-13 21:45:00.0;2019-02-14 22:00:00.0;
23533413365;TK;6492;BSL;EBB;2019-02-12 11:00;2019-02-12 17:00:00.0;2019-02-14 22:30:00.0;
TPE621878;MH;6800/14;TPE;PEN;2019-02-12 15:00;2019-02-13 15:10:00.0;2019-02-14 22:30:00.0;
TPE621879;MH;6800/14;TPE;PEN;2019-02-12 14:00;2019-02-13 15:10:00.0;2019-02-14 22:30:00.0;
TPE620715;MH;6800/14;TPE;PEN;2019-02-12 14:00;2019-02-13 15:10:00.0;2019-02-14 22:30:00.0;
06538735480;SV;934;BSL;JED;2019-02-12 10:00;2019-02-12 18:00:00.0;2019-02-14 22:55:00.0;
06538735491;SV;934;BSL;JED;2019-02-12 14:00;2019-02-12 18:00:00.0;2019-02-14 22:55:00.0;
06538735502;SV;934;BSL;JED;2019-02-12 14:00;2019-02-12 18:00:00.0;2019-02-14 22:55:00.0;
MUC024719;LH;520;MUC;MEX;2019-02-12 12:51;2019-02-12 17:00:00.0;2019-02-14 23:00:00.0;
23529816566;TK;651/14;ZRH;ALG;2019-02-12 09:41;2019-02-13 15:00:00.0;2019-02-14 23:00:00.0;
BLR878253;BA;9183/14;BLR;DTW;2019-02-12 12:00;2019-02-13 07:00:00.0;2019-02-14 23:00:00.0;
TXG621902;CV;797/13;TPE;BRU;2019-02-12 09:00;2019-02-13 23:15:00.0;2019-02-14 23:15:00.0;
NUE051465;QY;7334;FRA;BKK;2019-02-12 12:41;2019-02-13 19:00:00.0;2019-02-14 23:25:00.0;
NUE051686;QY;7334;NUE;BKK;2019-02-12 13:40;2019-02-12 20:30:00.0;2019-02-14 23:25:00.0;
NUE051687;QY;7334;NUE;BKK;2019-02-12 13:42;2019-02-12 20:30:00.0;2019-02-14 23:25:00.0;
PRG609187;QY;530/14;PRG;BKK;2019-02-12 08:00;2019-02-12 18:00:00.0;2019-02-14 23:25:00.0;
STR072318;QY;7334;STR;BKK;2019-02-12 13:53;2019-02-12 22:00:00.0;2019-02-14 23:25:00.0;
PRG609154;QY;530/14;PRG;BKK;2019-02-12 08:00;2019-02-12 18:00:00.0;2019-02-14 23:25:00.0;
BRE003047;QY;7334;BRE;BKK;2019-02-12 15:43;2019-02-12 17:30:00.0;2019-02-14 23:25:00.0;
BRE003053;EK;EK9933;BRE;MEX;2019-02-12 15:43;2019-02-12 17:00:00.0;2019-02-14 23:25:00.0;
SIN658839;TG;402;SIN;BLR;2019-02-12 19:27;2019-02-13 08:15:00.0;2019-02-14 23:55:00.0;
SIN658782;TG;402;SIN;BLR;2019-02-12 19:22;2019-02-13 08:15:00.0;2019-02-14 23:55:00.0;
SIN658825;TG;402;SIN;BLR;2019-02-12 19:25;2019-02-13 08:15:00.0;2019-02-14 23:55:00.0;
BLR878257;9W;6072/13;BLR;STR;2019-02-12 12:00;2019-02-13 01:50:00.0;2019-02-15 00:00:00.0;
STR072199;AF;305;STR;BLR;2019-02-12 10:32;2019-02-12 22:00:00.0;2019-02-15 00:15:00.0;
PRG609206;AF;194/14;PRG;BLR;2019-02-12 14:37;2019-02-12 18:00:00.0;2019-02-15 00:15:00.0;
STR071953;AF;305;STR;BLR;2019-02-12 11:45;2019-02-12 22:00:00.0;2019-02-15 00:15:00.0;
STR072207;AF;305;STR;BLR;2019-02-12 09:16;2019-02-12 22:00:00.0;2019-02-15 00:15:00.0;
PRG609214;AF;194/14;PRG;BLR;2019-02-12 08:00;2019-02-12 18:00:00.0;2019-02-15 00:15:00.0;
STR072046;AF;305;STR;BLR;2019-02-12 08:55;2019-02-12 22:00:00.0;2019-02-15 00:15:00.0;
STR072048;AF;305;STR;BLR;2019-02-12 08:55;2019-02-12 22:00:00.0;2019-02-15 00:15:00.0;
HAJ029570;AF;194/14;HAJ;BLR;2019-02-12 09:00;2019-02-12 09:00:00.0;2019-02-15 00:15:00.0;
STR072206;AF;305;STR;BLR;2019-02-12 08:25;2019-02-12 22:00:00.0;2019-02-15 00:15:00.0;
PRG609205;AF;194/14;PRG;BLR;2019-02-12 14:37;2019-02-12 18:00:00.0;2019-02-15 00:15:00.0;
STR072104;AF;305;STR;BLR;2019-02-12 14:18;2019-02-12 22:00:00.0;2019-02-15 00:15:00.0;
STR072183;AF;305;STR;BLR;2019-02-12 10:42;2019-02-12 22:00:00.0;2019-02-15 00:15:00.0;
PRG609208;AF;194/14;PRG;BLR;2019-02-12 14:38;2019-02-12 18:00:00.0;2019-02-15 00:15:00.0;
STR072381;AF;305;STR;BLR;2019-02-12 10:32;2019-02-12 22:00:00.0;2019-02-15 00:15:00.0;
AMS102240;QR;9747A;AMS;MEX;2019-02-12 11:00;2019-02-13 18:00:00.0;2019-02-15 00:25:00.0;
STR071307;QR;8222;STR;SGN;2019-02-12 08:55;2019-02-12 22:00:00.0;2019-02-15 00:50:00.0;
STR072101;9W;4006;STR;BLR;2019-02-12 12:49;2019-02-12 22:00:00.0;2019-02-15 00:50:00.0;
STR072302;9W;4006;STR;BLR;2019-02-12 14:13;2019-02-12 22:00:00.0;2019-02-15 00:50:00.0;
EIN108050;CA;1024;AMS;TPE;2019-02-12 17:00;2019-02-13 17:50:00.0;2019-02-15 00:50:00.0;
EIN108002;CA;1024;AMS;TPE;2019-02-12 11:00;2019-02-13 17:50:00.0;2019-02-15 00:50:00.0;
PRG609184;9W;235/14;PRG;BLR;2019-02-12 08:00;2019-02-12 18:00:00.0;2019-02-15 00:50:00.0;
STR072215;AF;305;STR;BLR;2019-02-12 08:55;2019-02-12 22:00:00.0;2019-02-15 00:50:00.0;
STR072233;9W;4006;STR;BLR;2019-02-12 12:48;2019-02-12 22:00:00.0;2019-02-15 00:50:00.0;
MUC024755;QR;8222;MUC;SGN;2019-02-12 11:56;2019-02-12 20:00:00.0;2019-02-15 00:50:00.0;
EIN107995;CA;1024;EIN;TPE;2019-02-12 09:29;2019-02-13 17:50:00.0;2019-02-15 00:50:00.0;
STR070872;QR;8222;STR;SGN;2019-02-12 14:13;2019-02-12 22:00:00.0;2019-02-15 00:50:00.0;
PRG609139;9W;235/14;PRG;BLR;2019-02-12 08:00;2019-02-12 18:00:00.0;2019-02-15 00:50:00.0;
STR071976;QR;8222;STR;SGN;2019-02-12 14:13;2019-02-12 22:00:00.0;2019-02-15 00:50:00.0;
STR071979;QR;8222;STR;SGN;2019-02-12 14:13;2019-02-12 22:00:00.0;2019-02-15 00:50:00.0;
STR072069;9W;4006;STR;BLR;2019-02-12 08:00;2019-02-12 22:00:00.0;2019-02-15 00:50:00.0;
PRG609207;9W;235/14;PRG;BLR;2019-02-12 14:38;2019-02-12 18:00:00.0;2019-02-15 00:50:00.0;
PRG609236;9W;235/14;PRG;BLR;2019-02-12 08:00;2019-02-12 18:00:00.0;2019-02-15 00:50:00.0;
EIN107998;CA;1024;EIN;TPE;2019-02-12 09:28;2019-02-13 17:50:00.0;2019-02-15 00:50:00.0;
EIN108000;CA;1024;EIN;TPE;2019-02-12 09:30;2019-02-13 17:50:00.0;2019-02-15 00:50:00.0;
EIN108010;CA;1024;EIN;TPE;2019-02-12 10:16;2019-02-13 17:50:00.0;2019-02-15 00:50:00.0;
STR071989;LH;756;STR;BOM;2019-02-12 10:32;2019-02-14 12:30:00.0;2019-02-15 01:00:00.0;
STR072235;LH;756;STR;BOM;2019-02-12 10:41;2019-02-14 12:30:00.0;2019-02-15 01:00:00.0;
MST100653;LH;7711;MST;LAX;2019-02-12 06:37;2019-02-12 10:00:00.0;2019-02-15 01:00:00.0;
STR072222;LH;756;STR;BOM;2019-02-12 13:23;2019-02-14 12:30:00.0;2019-02-15 01:00:00.0;
STR072241;LH;756;STR;BOM;2019-02-12 13:53;2019-02-14 12:30:00.0;2019-02-15 01:00:00.0;
02089957464;LH;0452;MST;LAX;2019-02-12 06:37;2019-02-12 10:00:00.0;2019-02-15 01:00:00.0;
STR072385;AF;305;STR;BLR;2019-02-12 12:57;2019-02-12 22:00:00.0;2019-02-15 01:50:00.0;
17233379743;CV;6104;BSL;TPE;2019-02-12 11:00;2019-02-12 20:00:00.0;2019-02-15 02:00:00.0;
MIL148027;QR;128;MIL;BLR;2019-02-12 09:00;2019-02-13 16:00:00.0;2019-02-15 02:00:00.0;
QGL348141;QR;096;ZRH;CMB;2019-02-12 10:00;2019-02-13 06:00:00.0;2019-02-15 02:00:00.0;
MST100684;QR;8202;MST;BOM;2019-02-12 07:57;2019-02-13 12:00:00.0;2019-02-15 02:40:00.0;
DUS014101;LH;7103;DUS;PEK;2019-02-12 14:00;2019-02-13 20:30:00.0;2019-02-15 03:05:00.0;
QGL347633;QR;094;ZRH;CMB;2019-02-12 10:00;2019-02-13 10:10:00.0;2019-02-15 03:05:00.0;
06531050950;SV;930;FRA;RUH;2019-02-12 00:00;2019-02-14 19:35:00.0;2019-02-15 03:10:00.0;
06531050946;SV;930;FRA;RUH;2019-02-12 00:00;2019-02-14 19:35:00.0;2019-02-15 03:10:00.0;
MUC024749;LH;8360;MUC;BOM;2019-02-12 12:51;2019-02-12 20:00:00.0;2019-02-15 04:20:00.0;
FKB014538;LH;8360;FKB;BOM;2019-02-12 13:47;2019-02-12 23:00:00.0;2019-02-15 04:20:00.0;
STR072052;LH;8360;STR;BOM;2019-02-12 08:00;2019-02-12 22:00:00.0;2019-02-15 04:20:00.0;
HAJ029621;LH;8360;FRA;BOM;2019-02-12 10:19;2019-02-14 15:50:00.0;2019-02-15 04:20:00.0;
PRG609234;LH;8360/14;PRG;BOM;2019-02-12 07:00;2019-02-13 17:00:00.0;2019-02-15 04:20:00.0;
STR071891;LH;8360;STR;BOM;2019-02-12 10:31;2019-02-12 22:00:00.0;2019-02-15 04:20:00.0;
DUS014283;LH;8360;DUS;BOM;2019-02-12 12:47;2019-02-12 19:30:00.0;2019-02-15 04:20:00.0;
MUC024751;LH;8360;MUC;BOM;2019-02-12 12:51;2019-02-12 20:00:00.0;2019-02-15 04:20:00.0;
STR072442;LH;8360;STR;BOM;2019-02-12 14:18;2019-02-12 22:00:00.0;2019-02-15 04:20:00.0;
NUE051761;LH;8360;NUE;BOM;2019-02-12 14:18;2019-02-12 20:30:00.0;2019-02-15 04:20:00.0;
NUE051796;LH;8360;NUE;BOM;2019-02-12 16:10;2019-02-12 20:30:00.0;2019-02-15 04:20:00.0;
STR071943;QY;7334;STR;ICN;2019-02-12 12:59;2019-02-12 22:00:00.0;2019-02-15 04:30:00.0;
NUE051571;QY;7334;NUE;ICN;2019-02-12 16:00;2019-02-12 20:30:00.0;2019-02-15 04:30:00.0;
STR072309;QY;7334;STR;ICN;2019-02-12 13:53;2019-02-12 22:00:00.0;2019-02-15 04:30:00.0;
STR072375;RFS;7532;STR;ICN;2019-02-12 13:52;2019-02-12 22:00:00.0;2019-02-15 04:30:00.0;
NUE051573;QY;7334;NUE;ICN;2019-02-12 16:00;2019-02-12 20:30:00.0;2019-02-15 04:30:00.0;
STR072200;EY;902;STR;ICN;2019-02-12 10:42;2019-02-12 22:00:00.0;2019-02-15 04:30:00.0;
STR072247;QY;7334;STR;ICN;2019-02-12 09:23;2019-02-12 22:00:00.0;2019-02-15 04:30:00.0;
STR072405;QR;8222;STR;ICN;2019-02-12 12:20;2019-02-12 22:00:00.0;2019-02-15 04:30:00.0;
FKB014522;QY;7334;FKB;ICN;2019-02-12 14:09;2019-02-12 23:00:00.0;2019-02-15 04:30:00.0;
IZM959976;LH;0520/14;IST;MEX;2019-02-12 11:00;2019-02-13 19:25:00.0;2019-02-15 04:35:00.0;
IZM959972;LH;0520/14;IST;MEX;2019-02-12 11:00;2019-02-13 19:25:00.0;2019-02-15 04:35:00.0;
WRO333978;LA;8065/14;WRO;GRU;2019-02-12 10:00;2019-02-12 18:00:00.0;2019-02-15 04:55:00.0;
CPQ277478;M3;549/14;GRU;SCL;2019-02-12 13:30;2019-02-14 22:00:00.0;2019-02-15 05:00:00.0;
72469626255;LX;196;BSL;BJS;2019-02-12 11:00;2019-02-12 19:50:00.0;2019-02-15 05:15:00.0;
NUE051572;5Y;602;FRA;GDL;2019-02-12 12:47;2019-02-13 22:00:00.0;2019-02-15 05:45:00.0;
GVA945959;CV;9621;GVA;VCP;2019-02-12 16:00;2019-02-13 16:00:00.0;2019-02-15 05:45:00.0;
LHR323537;AM;008/14;LHR;MEX;2019-02-12 06:06;2019-02-14 22:30:00.0;2019-02-15 05:55:00.0;
MST100667;IB;3721;MST;GIG;2019-02-12 05:58;2019-02-12 10:00:00.0;2019-02-15 06:00:00.0;
MTY479340;AM;0001/14;MTY;LHR;2019-02-12 08:00;2019-02-12 18:00:00.0;2019-02-15 06:00:00.0;
LHR323564;AV;085/14;LHR;GRU;2019-02-12 05:05;2019-02-13 22:40:00.0;2019-02-15 06:15:00.0;
LHR323565;AV;085/14;LHR;GRU;2019-02-12 05:05;2019-02-13 22:40:00.0;2019-02-15 06:15:00.0;
HEL706508;QR;906/14;HEL;SYD;2019-02-12 08:00;2019-02-13 23:00:00.0;2019-02-15 06:25:00.0;
PRG609204;AI;120/14;PRG;DEL;2019-02-12 13:34;2019-02-12 18:00:00.0;2019-02-15 06:30:00.0;
BER004842;AI;120;LEJ;DEL;2019-02-12 15:00;2019-02-12 20:00:00.0;2019-02-15 06:30:00.0;
NUE051758;WY;124;MUC;BKK;2019-02-12 13:34;2019-02-12 17:00:00.0;2019-02-15 06:45:00.0;
TPE621912;CI;061/13;TPE;DRS;2019-02-12 13:00;2019-02-13 08:00:00.0;2019-02-15 06:50:00.0;
GOT097487;LH;506/14;GOT;GRU;2019-02-12 10:00;2019-02-12 20:00:00.0;2019-02-15 06:55:00.0;
SIN658738;SQ;388;SIN;BCN;2019-02-12 17:45;2019-02-15 00:05:00.0;2019-02-15 07:10:00.0;
GOT097387;BA;247/14;GOT;GRU;2019-02-12 13:00;2019-02-13 11:45:00.0;2019-02-15 07:15:00.0;
GOT097388;BA;247/14;GOT;GRU;2019-02-12 13:00;2019-02-13 11:45:00.0;2019-02-15 07:15:00.0;
GOT097389;BA;247/14;GOT;GRU;2019-02-12 13:00;2019-02-13 11:45:00.0;2019-02-15 07:15:00.0;
GOT097478;QR;972/14;MMA;SGN;2019-02-12 10:00;2019-02-12 20:00:00.0;2019-02-15 07:15:00.0;
NUE051620;LH;8400;FRA;PVG;2019-02-12 07:26;2019-02-14 13:35:00.0;2019-02-15 07:20:00.0;
NUE051616;LH;8400;FRA;PVG;2019-02-12 07:26;2019-02-14 13:35:00.0;2019-02-15 07:20:00.0;
61853401320;SQ;0638;BSL;NRT;2019-02-12 10:00;2019-02-12 18:00:00.0;2019-02-15 07:30:00.0;
SIN658798;QF;082;SIN;SYD;2019-02-12 10:00;2019-02-14 20:30:00.0;2019-02-15 07:35:00.0;
STR072372;QR;8142;STR;CGK;2019-02-12 10:32;2019-02-12 23:00:00.0;2019-02-15 07:45:00.0;
STR072190;QR;8142;STR;KUL;2019-02-12 08:55;2019-02-12 23:00:00.0;2019-02-15 07:55:00.0;
DEL174311;LH;761/13;DEL;STR;2019-02-12 15:00;2019-02-13 05:00:00.0;2019-02-15 08:00:00.0;
KUL113017;CI;5398/15;KUL;VCP;2019-02-12 10:00;2019-02-13 14:25:00.0;2019-02-15 08:10:00.0;
KUL113019;CI;5398/15;KUL;MAO;2019-02-12 10:00;2019-02-13 14:25:00.0;2019-02-15 08:10:00.0;
KUL113026;CI;5398/15;KUL;VCP;2019-02-12 10:00;2019-02-13 14:25:00.0;2019-02-15 08:10:00.0;
QGL348132;WY;154;ZRH;KUL;2019-02-12 10:00;2019-02-13 21:55:00.0;2019-02-15 08:10:00.0;
QGL348149;EK;088;ZRH;BOM;2019-02-12 10:00;2019-02-13 14:40:00.0;2019-02-15 08:10:00.0;
KUL113020;CI;5398/15;KUL;VCP;2019-02-12 10:00;2019-02-13 14:25:00.0;2019-02-15 08:10:00.0;
KUL113022;CI;5398/15;KUL;PTY;2019-02-12 10:00;2019-02-13 14:25:00.0;2019-02-15 08:10:00.0;
QGL348136;EK;088;ZRH;BOM;2019-02-12 10:00;2019-02-13 14:40:00.0;2019-02-15 08:10:00.0;
KUL113021;CI;5398/15;KUL;VCP;2019-02-12 10:00;2019-02-13 14:25:00.0;2019-02-15 08:10:00.0;
SAO757901;QT;877/14;VCP;BOG;2019-02-12 09:20;2019-02-14 23:00:00.0;2019-02-15 09:00:00.0;
SAO757909;JJ;8000/14;GRU;BOG;2019-02-12 13:00;2019-02-14 23:00:00.0;2019-02-15 09:00:00.0;
MIL147472;CI;5638;MIL;TPE;2019-02-12 08:00;2019-02-14 21:00:00.0;2019-02-15 09:00:00.0;
FDH004345;5X;364;STR;SAL;2019-02-12 14:19;2019-02-12 23:00:00.0;2019-02-15 09:07:00.0;
FKB014526;IB;9040;FKB;SCL;2019-02-12 15:06;2019-02-12 23:00:00.0;2019-02-15 09:15:00.0;
EIN107970;SV;934A;EIN;JNB;2019-02-12 15:00;2019-02-12 19:00:00.0;2019-02-15 09:40:00.0;
STR072298;CV;7604;STR;CWB;2019-02-12 11:31;2019-02-13 23:00:00.0;2019-02-15 09:45:00.0;
CDG125887;AA;049;CDG;ORD;2019-02-12 09:00;2019-02-14 11:30:00.0;2019-02-15 09:50:00.0;
CDG125889;AA;049;CDG;ORD;2019-02-12 09:00;2019-02-14 11:30:00.0;2019-02-15 09:50:00.0;
LYS408903;AA;049;LYS;ORD;2019-02-12 10:00;2019-02-12 22:00:00.0;2019-02-15 09:50:00.0;
23533410904;TK;653;ZRH;ALG;2019-02-13 10:00;2019-02-14 07:30:00.0;2019-02-15 09:55:00.0;
SAO757908;JJ;8112/14;GRU;MEX;2019-02-12 11:00;2019-02-14 23:00:00.0;2019-02-15 10:00:00.0;
GOT097496;AY;077/15;GOT;KIX;2019-02-12 08:00;2019-02-13 22:00:00.0;2019-02-15 10:00:00.0;
DUS014274;LH;7103S;DUS;MAA;2019-02-12 15:20;2019-02-13 16:30:00.0;2019-02-15 10:10:00.0;
QGL348135;KL;8518;ZRH;XMN;2019-02-12 10:00;2019-02-13 20:00:00.0;2019-02-15 10:50:00.0;
GOT097484;CV;7604/14;GOT;CWB;2019-02-12 10:00;2019-02-12 20:00:00.0;2019-02-15 11:10:00.0;
STR072361;LH;780;STR;NKG;2019-02-12 11:28;2019-02-14 17:35:00.0;2019-02-15 11:25:00.0;
FKB014489;EY;902;FRA;ICN;2019-02-12 12:45;2019-02-13 19:10:00.0;2019-02-15 11:45:00.0;
61859580566;SQ;231;BSL;SYD;2019-02-12 11:00;2019-02-12 19:00:00.0;2019-02-15 11:50:00.0;
EIN107651;KL;6020;EIN;JFK;2019-02-12 12:00;2019-02-15 09:15:00.0;2019-02-15 12:00:00.0;
QGL348099;5Y;602;QGL;MEX;2019-02-12 10:00;2019-02-12 16:00:00.0;2019-02-15 12:00:00.0;
QGL348100;5Y;602;QGL;MEX;2019-02-12 10:00;2019-02-12 16:00:00.0;2019-02-15 12:00:00.0;
EIN107653;KL;6020;EIN;JFK;2019-02-12 12:00;2019-02-15 09:15:00.0;2019-02-15 12:00:00.0;
STR072327;CI;5638;STR;TPE;2019-02-12 08:55;2019-02-12 23:00:00.0;2019-02-15 12:55:00.0;
CKG071896;QR;0067/15;CKG;FRA;2019-02-12 15:00;2019-02-14 01:50:00.0;2019-02-15 13:00:00.0;
SIN943748;QR;945;SIN;FRA;2019-02-12 16:29;2019-02-14 02:00:00.0;2019-02-15 13:00:00.0;
CKG071891;QR;0067/15;CKG;FRA;2019-02-12 15:00;2019-02-14 01:50:00.0;2019-02-15 13:00:00.0;
CKG071892;QR;0067/15;CKG;FRA;2019-02-12 15:00;2019-02-14 01:50:00.0;2019-02-15 13:00:00.0;
CKG071893;QR;0067/15;CKG;FRA;2019-02-12 15:00;2019-02-14 01:50:00.0;2019-02-15 13:00:00.0;
CKG071894;QR;0067/15;CKG;FRA;2019-02-12 15:00;2019-02-14 01:50:00.0;2019-02-15 13:00:00.0;
CKG071895;QR;0067/15;CKG;FRA;2019-02-12 15:00;2019-02-14 01:50:00.0;2019-02-15 13:00:00.0;
BKK315475;QR;8157/14;BKK;BCN;2019-02-12 10:00;2019-02-13 09:35:00.0;2019-02-15 13:00:00.0;
CKG071890;QR;0067/15;CKG;FRA;2019-02-12 15:00;2019-02-14 01:50:00.0;2019-02-15 13:00:00.0;
BKK152767;LX;066/14;BKK;VCP;2019-02-12 13:00;2019-02-13 13:05:00.0;2019-02-15 13:00:00.0;
MIL148070;LH;257;MIL;LAX;2019-02-12 09:00;2019-02-14 19:30:00.0;2019-02-15 13:20:00.0;
STR072360;CA;1032;STR;PEK;2019-02-12 11:57;2019-02-12 22:00:00.0;2019-02-15 13:40:00.0;
NUE051653;CA;1032;FRA;PEK;2019-02-12 15:43;2019-02-14 16:00:00.0;2019-02-15 13:40:00.0;
STR071849;CA;1032;STR;PEK;2019-02-12 09:29;2019-02-12 22:00:00.0;2019-02-15 13:40:00.0;
DUS014228;TK;1528;DUS;ESB;2019-02-12 14:00;2019-02-14 18:05:00.0;2019-02-15 14:05:00.0;
ZGN088466;KE;529/15;HKG;FRA;2019-02-12 10:00;2019-02-14 03:25:00.0;2019-02-15 14:35:00.0;
ZGN088467;KE;529/15;HKG;FRA;2019-02-12 10:00;2019-02-14 03:25:00.0;2019-02-15 14:35:00.0;
ZGN088471;KE;529/15;HKG;FRA;2019-02-12 10:00;2019-02-14 03:25:00.0;2019-02-15 14:35:00.0;
ZGN088473;KE;529/15;HKG;FRA;2019-02-12 10:00;2019-02-14 03:25:00.0;2019-02-15 14:35:00.0;
ZGN088465;KE;529/15;HKG;FRA;2019-02-12 10:00;2019-02-14 03:25:00.0;2019-02-15 14:35:00.0;
ZGN088469;KE;529/15;HKG;FRA;2019-02-12 10:00;2019-02-14 03:25:00.0;2019-02-15 14:35:00.0;
ZGN088475;KE;529/15;HKG;FRA;2019-02-12 10:00;2019-02-14 03:25:00.0;2019-02-15 14:35:00.0;
ZGN088476;KE;529/15;HKG;FRA;2019-02-12 10:00;2019-02-14 03:25:00.0;2019-02-15 14:35:00.0;
MIL148044;AZ;9951;MIL;ICN;2019-02-12 18:00;2019-02-14 10:00:00.0;2019-02-15 15:00:00.0;
BSL127834;EK;088;BSL;PVG;2019-02-12 10:00;2019-02-13 14:35:00.0;2019-02-15 15:05:00.0;
EIN107876;5C;951;EIN;JFK;2019-02-12 17:00;2019-02-15 13:00:00.0;2019-02-15 15:15:00.0;
EIN108006;5C;951;EIN;JFK;2019-02-12 16:00;2019-02-15 13:00:00.0;2019-02-15 15:15:00.0;
EIN107987;5C;951;EIN;JFK;2019-02-12 12:30;2019-02-15 13:00:00.0;2019-02-15 15:15:00.0;
EIN108022;5C;951;EIN;JFK;2019-02-12 12:00;2019-02-15 13:00:00.0;2019-02-15 15:15:00.0;
EIN108016;5C;951;EIN;JFK;2019-02-12 12:00;2019-02-15 13:00:00.0;2019-02-15 15:15:00.0;
EIN108054;5C;951;EIN;JFK;2019-02-12 18:00;2019-02-15 13:00:00.0;2019-02-15 15:15:00.0;
TPE621755;CA;1044/13;TPE;BUD;2019-02-12 14:00;2019-02-13 08:00:00.0;2019-02-15 16:00:00.0;
TPE621883;CA;1044/13;TPE;BUD;2019-02-12 18:00;2019-02-13 08:00:00.0;2019-02-15 16:00:00.0;
SIN940858;CI;754;SIN;CAN;2019-02-12 16:16;2019-02-13 14:05:00.0;2019-02-15 16:15:00.0;
PRG609240;SQ;325/14;PRG;SIN;2019-02-12 07:00;2019-02-12 18:00:00.0;2019-02-15 16:25:00.0;
LUX366868;QR;8775/15;LUX;JNB;2019-02-12 13:34;2019-02-14 18:10:00.0;2019-02-15 16:25:00.0;
LUX366867;QR;8775/15;LUX;JNB;2019-02-12 13:34;2019-02-14 18:10:00.0;2019-02-15 16:25:00.0;
LUX366869;QR;8775/15;LUX;JNB;2019-02-12 13:34;2019-02-14 18:10:00.0;2019-02-15 16:25:00.0;
LUX366866;QR;8775/15;LUX;JNB;2019-02-12 13:34;2019-02-14 18:10:00.0;2019-02-15 16:25:00.0;
DUS014262;LH;7101;DUS;NRT;2019-02-12 15:21;2019-02-13 17:00:00.0;2019-02-15 16:55:00.0;
DWC609303;EK;322/15;SHJ;ICN;2019-02-12 13:00;2019-02-15 13:00:00.0;2019-02-15 17:00:00.0;
BLR878269;MH;070/15;BLR;NRT;2019-02-12 10:30;2019-02-13 10:00:00.0;2019-02-15 17:30:00.0;
BLR878272;MH;070/15;BLR;NRT;2019-02-12 10:30;2019-02-13 10:00:00.0;2019-02-15 17:30:00.0;
BLR878268;MH;070/15;BLR;NRT;2019-02-12 10:30;2019-02-13 10:00:00.0;2019-02-15 17:30:00.0;
BLR878270;MH;070/15;BLR;NRT;2019-02-12 10:30;2019-02-13 10:00:00.0;2019-02-15 17:30:00.0;
BLR878273;MH;070/15;BLR;NRT;2019-02-12 10:30;2019-02-13 10:00:00.0;2019-02-15 17:30:00.0;
BLR878274;MH;070/15;BLR;NRT;2019-02-12 10:30;2019-02-13 10:00:00.0;2019-02-15 17:30:00.0;
BLR878275;MH;070/15;BLR;NRT;2019-02-12 10:30;2019-02-13 10:00:00.0;2019-02-15 17:30:00.0;
BLR878271;MH;070/15;BLR;NRT;2019-02-12 10:30;2019-02-13 10:00:00.0;2019-02-15 17:30:00.0;
QGL348123;QR;094;ZRH;ICN;2019-02-12 10:00;2019-02-13 10:10:00.0;2019-02-15 17:35:00.0;
LHR323619;AD;8751/15;LHR;VCP;2019-02-12 14:10;2019-02-13 17:00:00.0;2019-02-15 17:50:00.0;
QGL348142;EK;088;ZRH;NRT;2019-02-12 10:00;2019-02-13 14:40:00.0;2019-02-15 18:00:00.0;
PRG609233;LX;176/14;PRG;SIN;2019-02-12 10:00;2019-02-12 17:00:00.0;2019-02-15 18:00:00.0;
HAJ029624;LA;902;FRA;GRU;2019-02-12 09:23;2019-02-13 23:00:00.0;2019-02-15 18:25:00.0;
GOT097297;BA;243/15;GOT;MEX;2019-02-12 10:00;2019-02-12 22:00:00.0;2019-02-15 18:45:00.0;
BLR878278;MH;052/15;BLR;KIX;2019-02-12 12:00;2019-02-13 10:00:00.0;2019-02-15 19:00:00.0;
BLR878276;MH;052/15;BLR;KIX;2019-02-12 12:00;2019-02-13 10:00:00.0;2019-02-15 19:00:00.0;
BLR878279;MH;052/15;BLR;KIX;2019-02-12 12:00;2019-02-13 10:00:00.0;2019-02-15 19:00:00.0;
BLR878277;MH;052/15;BLR;KIX;2019-02-12 12:00;2019-02-13 10:00:00.0;2019-02-15 19:00:00.0;
POA130548;QT;0002/15;VCP;PTY;2019-02-12 10:00;2019-02-13 19:00:00.0;2019-02-15 20:00:00.0;
POA130549;G3;7480/15;VCP;ASU;2019-02-12 10:00;2019-02-14 16:00:00.0;2019-02-15 20:00:00.0;
PRG609202;UA;933/15;PRG;IAD;2019-02-12 15:00;2019-02-13 20:00:00.0;2019-02-15 20:10:00.0;
TPE621382;QR;8243/15;TPE;BSL;2019-02-12 10:30;2019-02-13 09:05:00.0;2019-02-15 20:15:00.0;
LNZ728840;EK;508/15;LNZ;BOM;2019-02-12 14:00;2019-02-13 22:00:00.0;2019-02-15 20:35:00.0;
PRG609209;EK;508/15;PRG;BOM;2019-02-12 14:38;2019-02-13 22:00:00.0;2019-02-15 20:35:00.0;
NUE051658;RFS;7532;FRA;ICN;2019-02-12 15:43;2019-02-13 20:00:00.0;2019-02-15 21:00:00.0;
FRA042208;RFS;7532;FRA;ICN;2019-02-12 08:00;2019-02-13 20:00:00.0;2019-02-15 21:00:00.0;
DWC609306;KL;345/16;DXB;DUS;2019-02-12 08:00;2019-02-15 14:00:00.0;2019-02-15 21:00:00.0;
MUC024739;RFS;7532;MUC;ICN;2019-02-12 14:54;2019-02-12 20:00:00.0;2019-02-15 21:00:00.0;
STR072217;CV;7984;MUC;PVG;2019-02-12 11:50;2019-02-12 19:00:00.0;2019-02-15 21:45:00.0;
STR072311;CV;7984;STR;PVG;2019-02-12 08:55;2019-02-12 23:00:00.0;2019-02-15 21:45:00.0;
STR072344;CV;7984;STR;PVG;2019-02-12 08:55;2019-02-12 23:00:00.0;2019-02-15 21:45:00.0;
NUE051689;CV;7984;MUC;PVG;2019-02-12 12:23;2019-02-12 19:00:00.0;2019-02-15 21:45:00.0;
STR072244;CV;7984;STR;PVG;2019-02-12 08:55;2019-02-12 23:00:00.0;2019-02-15 21:45:00.0;
STR072245;CV;7984;STR;PVG;2019-02-12 08:55;2019-02-12 23:00:00.0;2019-02-15 21:45:00.0;
STR072249;CV;7984;STR;PVG;2019-02-12 08:55;2019-02-12 23:00:00.0;2019-02-15 21:45:00.0;
STR072253;CV;7984;STR;PVG;2019-02-12 08:55;2019-02-12 23:00:00.0;2019-02-15 21:45:00.0;
STR072232;CV;7984;STR;PVG;2019-02-12 08:55;2019-02-12 23:00:00.0;2019-02-15 21:45:00.0;
STR072250;CV;7984;STR;PVG;2019-02-12 08:55;2019-02-12 23:00:00.0;2019-02-15 21:45:00.0;
STR072261;CV;7984;STR;PVG;2019-02-12 08:55;2019-02-12 23:00:00.0;2019-02-15 21:45:00.0;
STR072339;CV;7984;STR;PVG;2019-02-12 09:22;2019-02-12 23:00:00.0;2019-02-15 21:45:00.0;
STR072377;CV;7984;STR;PVG;2019-02-12 13:23;2019-02-12 23:00:00.0;2019-02-15 21:45:00.0;
STR072246;CV;7984;STR;PVG;2019-02-12 08:55;2019-02-12 23:00:00.0;2019-02-15 21:45:00.0;
STR072248;CV;7984;STR;PVG;2019-02-12 08:55;2019-02-12 23:00:00.0;2019-02-15 21:45:00.0;
STR072254;CV;7984;MUC;PVG;2019-02-12 12:54;2019-02-12 19:00:00.0;2019-02-15 21:45:00.0;
STR072259;CV;7984;STR;PVG;2019-02-12 08:55;2019-02-12 23:00:00.0;2019-02-15 21:45:00.0;
STR072263;CV;7984;STR;PVG;2019-02-12 08:55;2019-02-12 23:00:00.0;2019-02-15 21:45:00.0;
LUX366855;CV;7844/14;LUX;SIN;2019-02-12 13:34;2019-02-14 21:45:00.0;2019-02-15 21:50:00.0;
QGL348147;CV;7844;QGL;SIN;2019-02-12 10:00;2019-02-12 16:00:00.0;2019-02-15 21:50:00.0;
LUX366856;CV;7844/14;LUX;SIN;2019-02-12 12:00;2019-02-14 21:45:00.0;2019-02-15 21:50:00.0;
NRT211184;TG;0317/15;NRT;BOM;2019-02-12 15:00;2019-02-14 09:45:00.0;2019-02-15 22:00:00.0;
NRT211185;TG;0317/15;NRT;BOM;2019-02-12 15:00;2019-02-14 09:45:00.0;2019-02-15 22:00:00.0;
NUE051537;RU;503;NUE;ORD;2019-02-12 12:47;2019-02-13 20:30:00.0;2019-02-15 22:20:00.0;
NUE051587;RU;503;NUE;ORD;2019-02-12 12:47;2019-02-13 20:30:00.0;2019-02-15 22:20:00.0;
NUE051575;RU;503;NUE;ORD;2019-02-12 12:48;2019-02-13 20:30:00.0;2019-02-15 22:20:00.0;
NUE051578;RU;503;NUE;ORD;2019-02-12 12:47;2019-02-13 20:30:00.0;2019-02-15 22:20:00.0;
MHG007071;RU;503;FRA;ORD;2019-02-12 10:27;2019-02-15 18:35:00.0;2019-02-15 22:20:00.0;
NUE051564;RU;503;NUE;ORD;2019-02-12 12:47;2019-02-13 20:30:00.0;2019-02-15 22:20:00.0;
BCN201296;LA;8026/15;BCN;SCL;2019-02-12 10:00;2019-02-13 13:10:00.0;2019-02-15 23:00:00.0;
BCN201327;TP;8753/15;BCN;VCP;2019-02-12 10:00;2019-02-14 12:55:00.0;2019-02-15 23:00:00.0;
BCN201311;QR;0832/15;BCN;BKK;2019-02-12 10:00;2019-02-14 12:55:00.0;2019-02-15 23:00:00.0;
STR072319;CV;6104;STR;TPE;2019-02-12 08:55;2019-02-12 23:00:00.0;2019-02-15 23:00:00.0;
MIL148042;CV;6104;MIL;TPE;2019-02-12 14:00;2019-02-13 13:30:00.0;2019-02-15 23:00:00.0;
BCN201312;LA;8026/15;BCN;SCL;2019-02-12 10:00;2019-02-13 13:10:00.0;2019-02-15 23:00:00.0;
BLR878254;MH;066/15;BLR;ICN;2019-02-12 12:00;2019-02-13 10:00:00.0;2019-02-15 23:15:00.0;
BRN496221;EK;088;BRN;PVG;2019-02-12 11:17;2019-02-12 18:30:00.0;2019-02-15 23:25:00.0;
EIN107965;9W;233;EIN;DEL;2019-02-12 15:00;2019-02-15 11:40:00.0;2019-02-15 23:25:00.0;
DUS014223;TK;1526;DUS;ESB;2019-02-12 14:00;2019-02-13 14:05:00.0;2019-02-15 23:59:00.0;
DUS014242;LX;6357;DUS;ATH;2019-02-12 14:00;2019-02-12 21:45:00.0;2019-02-15 23:59:00.0;
DUS014222;TK;1524;DUS;ESB;2019-02-12 14:00;2019-02-13 11:20:00.0;2019-02-15 23:59:00.0;
DUS014221;TK;1530;DUS;ESB;2019-02-12 14:00;2019-02-13 07:55:00.0;2019-02-15 23:59:00.0;
DUS014230;TK;1526;DUS;ESB;2019-02-12 14:00;2019-02-13 14:05:00.0;2019-02-15 23:59:00.0;
STR072286;LH;758;STR;MAA;2019-02-12 13:38;2019-02-12 22:00:00.0;2019-02-16 00:10:00.0;
FKB014544;LH;758;FKB;MAA;2019-02-12 13:40;2019-02-12 23:00:00.0;2019-02-16 00:10:00.0;
NUE051603;AF;305;NUE;BLR;2019-02-12 11:35;2019-02-13 20:30:00.0;2019-02-16 00:15:00.0;
STR072356;AF;305;STR;BLR;2019-02-12 11:28;2019-02-12 22:00:00.0;2019-02-16 00:15:00.0;
QGL348134;QT;712;QGL;BOG;2019-02-12 10:00;2019-02-12 16:00:00.0;2019-02-16 00:30:00.0;
NUE051773;LX;6301;NUE;DEL;2019-02-12 14:46;2019-02-13 20:30:00.0;2019-02-16 00:45:00.0;
STR072109;9W;4006;STR;BLR;2019-02-12 10:31;2019-02-12 23:30:00.0;2019-02-16 00:50:00.0;
STR072238;LH;754;STR;BLR;2019-02-12 12:13;2019-02-15 12:45:00.0;2019-02-16 01:50:00.0;
FKB014519;QR;8222;NUE;ICN;2019-02-12 14:40;2019-02-12 20:30:00.0;2019-02-16 02:30:00.0;
FKB014520;OZ;796;NUE;ICN;2019-02-12 14:40;2019-02-12 20:30:00.0;2019-02-16 02:30:00.0;
FKB014521;QR;8222;NUE;ICN;2019-02-12 14:40;2019-02-12 20:30:00.0;2019-02-16 02:30:00.0;
FKB014523;QR;8222;NUE;ICN;2019-02-12 14:40;2019-02-12 20:30:00.0;2019-02-16 02:30:00.0;
NUE051656;RFS;7532;FRA;ICN;2019-02-12 15:43;2019-02-13 20:30:00.0;2019-02-16 02:30:00.0;
PRG609230;EK;9878/15;PRG;PVG;2019-02-12 07:00;2019-02-13 22:00:00.0;2019-02-16 02:30:00.0;
INN910036;EK;9878/15;INN;PVG;2019-02-12 13:00;2019-02-13 22:00:00.0;2019-02-16 02:30:00.0;
MIL148072;EY;088;MIL;BLR;2019-02-12 18:00;2019-02-14 13:20:00.0;2019-02-16 03:05:00.0;
MIL148079;EY;088;MIL;BLR;2019-02-13 12:00;2019-02-14 13:20:00.0;2019-02-16 03:05:00.0;
OPO023976;EK;9874/15;OPO;PVG;2019-02-12 12:00;2019-02-12 23:59:00.0;2019-02-16 03:40:00.0;
02089957512;LH;6760;MST;ATL;2019-02-12 09:01;2019-02-13 10:00:00.0;2019-02-16 04:00:00.0;
GOT097391;LA;8101/15;GOT;GRU;2019-02-12 13:00;2019-02-12 21:00:00.0;2019-02-16 04:20:00.0;
GOT097393;LA;8101/15;GOT;GRU;2019-02-12 13:00;2019-02-12 21:00:00.0;2019-02-16 04:20:00.0;
GOT097394;LA;8101/15;GOT;GRU;2019-02-12 13:00;2019-02-12 21:00:00.0;2019-02-16 04:20:00.0;
NUE051797;QR;8142;NUE;HAN;2019-02-12 00:00;2019-02-12 18:00:00.0;2019-02-16 04:45:00.0;
QGL348113;TK;1908;ZRH;KHI;2019-02-12 10:00;2019-02-14 11:30:00.0;2019-02-16 04:45:00.0;
GOT097475;LA;8071/15;GOT;GRU;2019-02-12 13:00;2019-02-12 21:00:00.0;2019-02-16 04:50:00.0;
GOT097392;LA;8065/15;GOT;GRU;2019-02-12 13:00;2019-02-12 21:00:00.0;2019-02-16 04:55:00.0;
GOT097395;LA;8065/15;GOT;GRU;2019-02-12 13:00;2019-02-12 21:00:00.0;2019-02-16 04:55:00.0;
GOT097396;LA;8065/15;GOT;GRU;2019-02-12 13:00;2019-02-12 21:00:00.0;2019-02-16 04:55:00.0;
GOT097483;LA;8065/15;GOT;GRU;2019-02-12 10:00;2019-02-12 21:00:00.0;2019-02-16 04:55:00.0;
STR072316;CV;7345;STR;TPE;2019-02-12 08:55;2019-02-13 23:00:00.0;2019-02-16 05:00:00.0;
NUE051627;CV;7345;NUE;TPE;2019-02-12 11:46;2019-02-12 18:00:00.0;2019-02-16 05:00:00.0;
LUX366857;CV;7345/16;LUX;TPE;2019-02-12 14:44;2019-02-15 06:35:00.0;2019-02-16 05:00:00.0;
HEL706511;EK;0336/15;HEL;MNL;2019-02-12 09:00;2019-02-13 14:00:00.0;2019-02-16 06:20:00.0;
STR072313;WY;124;MUC;BKK;2019-02-12 09:23;2019-02-13 17:00:00.0;2019-02-16 06:45:00.0;
15744477672;QR;2640;ZRH;DAC;2019-02-12 10:00;2019-02-14 08:35:00.0;2019-02-16 07:00:00.0;
CDG125868;SQ;3407;CDG;CGK;2019-02-12 09:00;2019-02-13 20:00:00.0;2019-02-16 07:35:00.0;
CDG125863;SQ;3407;CDG;CGK;2019-02-12 09:00;2019-02-13 20:00:00.0;2019-02-16 07:35:00.0;
AMD393117;QR;901/16;AMD;FRA;2019-02-12 10:00;2019-02-16 02:00:00.0;2019-02-16 08:00:00.0;
LHR323612;AC;094/15;LHR;EZE;2019-02-12 14:30;2019-02-14 12:05:00.0;2019-02-16 08:05:00.0;
QGL348129;WY;154;ZRH;KUL;2019-02-12 10:00;2019-02-14 21:35:00.0;2019-02-16 08:10:00.0;
MUC024462;WY;124;MUC;BLR;2019-02-12 12:33;2019-02-13 17:00:00.0;2019-02-16 08:40:00.0;
PRG609192;UX;045/15;PRG;MVD;2019-02-12 08:00;2019-02-14 12:00:00.0;2019-02-16 08:50:00.0;
DUS014249;QT;703;DUS;MDE;2019-02-12 11:14;2019-02-12 19:30:00.0;2019-02-16 08:50:00.0;
MST100652;LH;7711;MST;ATL;2019-02-12 09:01;2019-02-13 10:00:00.0;2019-02-16 10:00:00.0;
MAA560188;EK;123/16;MAA;VCP;2019-02-12 10:30;2019-02-15 15:35:00.0;2019-02-16 10:30:00.0;
MAA560187;EK;0059/16;MAA;VCP;2019-02-12 10:30;2019-02-15 10:30:00.0;2019-02-16 10:35:00.0;
GOT097438;KL;701/16;MMA;SCL;2019-02-12 10:00;2019-02-13 20:00:00.0;2019-02-16 11:05:00.0;
GOT097439;KL;701/16;MMA;SCL;2019-02-12 10:00;2019-02-13 20:00:00.0;2019-02-16 11:05:00.0;
SIN944027;BR;6086;SIN;ATL;2019-02-12 17:14;2019-02-13 06:00:00.0;2019-02-16 11:05:00.0;
QGL348128;TG;0971;ZRH;TPE;2019-02-12 10:00;2019-02-14 13:15:00.0;2019-02-16 11:55:00.0;
SYD433566;MU;712/13;SYD;PEK;2019-02-12 12:30;2019-02-13 12:45:00.0;2019-02-16 12:00:00.0;
TPE621845;CV;797/13;TPE;EIN;2019-02-12 10:00;2019-02-13 23:15:00.0;2019-02-16 12:00:00.0;
LYS408924;MP;4351;LYS;SCL;2019-02-12 10:00;2019-02-13 22:00:00.0;2019-02-16 12:05:00.0;
GOT097472;TG;0491/15;GOT;AKL;2019-02-12 10:00;2019-02-12 22:00:00.0;2019-02-16 12:05:00.0;
VIE319993;VS;003/16;VIE;JFK;2019-02-12 09:00;2019-02-13 22:00:00.0;2019-02-16 12:20:00.0;
WRO333954;LO;097/15;WRO;ICN;2019-02-12 16:00;2019-02-12 20:00:00.0;2019-02-16 14:00:00.0;
ABZ660769;MP;7760/16;ABZ;UIO;2019-02-12 10:00;2019-02-13 12:00:00.0;2019-02-16 14:55:00.0;
COK200879;IB;403/16;COK;MEX;2019-02-12 14:00;2019-02-14 09:55:00.0;2019-02-16 15:30:00.0;
TPE621635;CA;1044/13;TPE;BUH;2019-02-12 11:00;2019-02-13 08:00:00.0;2019-02-16 16:00:00.0;
61859580570;SQ;836;BSL;PVG;2019-02-12 00:00;2019-02-14 20:00:00.0;2019-02-16 16:00:00.0;
TPE621855;CA;1044/13;TPE;WAW;2019-02-12 10:30;2019-02-13 08:00:00.0;2019-02-16 16:00:00.0;
PIL121019;CA;1050;JFK;PVG;2019-02-12 12:00;2019-02-15 11:30:00.0;2019-02-16 16:20:00.0;
INN910034;QR;806/16;INN;NRT;2019-02-12 11:00;2019-02-13 23:00:00.0;2019-02-16 16:55:00.0;
ABZ660761;EY;9944/16;ABZ;DWC;2019-02-12 15:00;2019-02-14 17:00:00.0;2019-02-16 17:20:00.0;
MUC024797;RFS;7532;MUC;SIN;2019-02-12 10:46;2019-02-12 20:00:00.0;2019-02-16 17:30:00.0;
NUE051680;SQ;325;NUE;SIN;2019-02-12 13:33;2019-02-12 20:30:00.0;2019-02-16 17:30:00.0;
STR072338;RFS;7532;STR;SIN;2019-02-12 10:31;2019-02-12 22:00:00.0;2019-02-16 17:30:00.0;
STR072346;RFS;7532;STR;SIN;2019-02-12 10:31;2019-02-12 22:00:00.0;2019-02-16 17:30:00.0;
15744702700;QR;001/13;MMX;EBL;2019-02-12 10:00;2019-02-13 18:00:00.0;2019-02-16 18:00:00.0;
STR072516;CV;7746;STR;LAX;2019-02-12 16:49;2019-02-15 20:00:00.0;2019-02-16 18:10:00.0;
KIX678886;EK;261/16;KIX;GRU;2019-02-12 14:00;2019-02-13 23:40:00.0;2019-02-16 18:15:00.0;
BLR878259;QR;8139/14;BLR;NUE;2019-02-12 12:00;2019-02-13 13:50:00.0;2019-02-16 19:00:00.0;
LIS074298;BA;0067/16;LIS;PHL;2019-02-12 11:00;2019-02-13 18:00:00.0;2019-02-16 19:10:00.0;
TPE621856;CX;3274/14;TPE;VCP;2019-02-12 14:00;2019-02-13 12:55:00.0;2019-02-16 20:00:00.0;
TPE621866;CX;3274/14;TPE;VCP;2019-02-12 14:30;2019-02-13 12:55:00.0;2019-02-16 20:00:00.0;
DUS012174;5Y;600;DUS;HSV;2019-02-12 12:21;2019-02-12 19:30:00.0;2019-02-16 20:10:00.0;
DUS014284;5Y;600;NUE;HSV;2019-02-12 12:55;2019-02-14 18:00:00.0;2019-02-16 20:10:00.0;
DUS014278;5Y;600;NUE;HSV;2019-02-12 12:55;2019-02-13 18:00:00.0;2019-02-16 20:10:00.0;
FKB014543;EY;002;FKB;AUH;2019-02-12 16:31;2019-02-12 23:00:00.0;2019-02-16 20:25:00.0;
FKB014578;EY;002;FKB;AUH;2019-02-12 16:31;2019-02-13 23:00:00.0;2019-02-16 20:25:00.0;
STR072107;EK;9353;STR;BOM;2019-02-12 10:31;2019-02-12 22:00:00.0;2019-02-16 20:35:00.0;
STR071770;LH;8360;STR;BOM;2019-02-12 08:00;2019-02-12 22:00:00.0;2019-02-16 20:35:00.0;
STR072203;LH;8360;STR;BOM;2019-02-12 13:52;2019-02-12 22:00:00.0;2019-02-16 20:35:00.0;
STR072212;LH;8360;STR;BOM;2019-02-12 10:51;2019-02-12 22:00:00.0;2019-02-16 20:35:00.0;
STR072214;EK;9353;STR;BOM;2019-02-12 10:51;2019-02-12 22:00:00.0;2019-02-16 20:35:00.0;
EIN108005;RU;536;EIN;TPE;2019-02-12 10:29;2019-02-15 19:30:00.0;2019-02-16 20:50:00.0;
EIN108045;RU;536;EIN;TPE;2019-02-12 13:19;2019-02-15 19:30:00.0;2019-02-16 20:50:00.0;
EIN108001;RU;536;EIN;TPE;2019-02-12 09:31;2019-02-15 19:30:00.0;2019-02-16 20:50:00.0;
EIN108003;RU;536;EIN;TPE;2019-02-12 10:33;2019-02-15 19:30:00.0;2019-02-16 20:50:00.0;
EIN108008;RU;536;EIN;TPE;2019-02-12 10:28;2019-02-15 19:30:00.0;2019-02-16 20:50:00.0;
EIN108047;RU;536;EIN;TPE;2019-02-12 13:29;2019-02-15 19:30:00.0;2019-02-16 20:50:00.0;
NUE051642;CV;7985;NUE;PVG;2019-02-12 15:30;2019-02-12 18:00:00.0;2019-02-16 21:45:00.0;
STR072255;CV;7985;STR;PVG;2019-02-12 08:55;2019-02-12 23:00:00.0;2019-02-16 21:45:00.0;
STR072256;CV;7985;STR;PVG;2019-02-12 08:55;2019-02-12 23:00:00.0;2019-02-16 21:45:00.0;
STR072271;CV;7985;STR;PVG;2019-02-12 08:55;2019-02-12 23:00:00.0;2019-02-16 21:45:00.0;
STR072358;CV;7985;STR;PVG;2019-02-12 08:25;2019-02-12 23:00:00.0;2019-02-16 21:45:00.0;
QGL348156;CV;7985;QGL;PVG;2019-02-13 10:00;2019-02-14 16:00:00.0;2019-02-16 21:45:00.0;
FKB014515;CV;7985;FKB;PVG;2019-02-12 13:50;2019-02-13 23:00:00.0;2019-02-16 21:45:00.0;
STR072239;CV;7985;STR;PVG;2019-02-12 08:55;2019-02-12 23:00:00.0;2019-02-16 21:45:00.0;
STR072278;CV;7985;STR;PVG;2019-02-12 08:55;2019-02-12 23:00:00.0;2019-02-16 21:45:00.0;
STR072306;CV;7985;STR;PVG;2019-02-12 08:55;2019-02-13 23:00:00.0;2019-02-16 21:45:00.0;
NUE051682;CV;7985;NUE;PVG;2019-02-12 13:33;2019-02-13 18:00:00.0;2019-02-16 21:45:00.0;
STR072387;CV;7985;STR;PVG;2019-02-12 14:17;2019-02-13 23:00:00.0;2019-02-16 21:45:00.0;
NUE051514;CV;7985;NUE;PVG;2019-02-12 12:28;2019-02-13 18:00:00.0;2019-02-16 21:45:00.0;
STR072102;CV;7985;STR;PVG;2019-02-12 14:13;2019-02-12 23:00:00.0;2019-02-16 21:45:00.0;
STR072257;CV;7985;STR;PVG;2019-02-12 08:55;2019-02-12 23:00:00.0;2019-02-16 21:45:00.0;
STR072258;CV;7985;STR;PVG;2019-02-12 08:55;2019-02-12 23:00:00.0;2019-02-16 21:45:00.0;
STR072268;CV;7985;STR;PVG;2019-02-12 08:55;2019-02-12 23:00:00.0;2019-02-16 21:45:00.0;
STR072310;CV;7985;STR;PVG;2019-02-12 13:53;2019-02-12 23:00:00.0;2019-02-16 21:45:00.0;
STR072391;CV;7985;STR;PVG;2019-02-12 10:32;2019-02-12 23:00:00.0;2019-02-16 21:45:00.0;
STR072252;CV;7985;STR;PVG;2019-02-12 08:55;2019-02-12 23:00:00.0;2019-02-16 21:45:00.0;
NUE051649;CV;7985;DUS;PVG;2019-02-12 10:12;2019-02-12 19:30:00.0;2019-02-16 21:45:00.0;
STR072266;CV;7985;STR;PVG;2019-02-12 08:55;2019-02-12 23:00:00.0;2019-02-16 21:45:00.0;
STR072335;CV;7985;STR;PVG;2019-02-12 08:55;2019-02-12 23:00:00.0;2019-02-16 21:45:00.0;
STR072409;CV;7985;MUC;PVG;2019-02-12 12:33;2019-02-13 19:00:00.0;2019-02-16 21:45:00.0;
STR072444;CV;7985;STR;PVG;2019-02-12 14:01;2019-02-12 23:00:00.0;2019-02-16 21:45:00.0;
NUE051583;CV;8886;NUE;ORD;2019-02-12 12:46;2019-02-13 18:00:00.0;2019-02-16 21:54:00.0;
NUE051602;CV;8886;NUE;ORD;2019-02-12 12:47;2019-02-13 18:00:00.0;2019-02-16 21:54:00.0;
NUE051592;CV;8886;NUE;ORD;2019-02-12 12:48;2019-02-13 18:00:00.0;2019-02-16 21:54:00.0;
NUE051630;CV;8886;NUE;ORD;2019-02-12 12:46;2019-02-13 18:00:00.0;2019-02-16 21:54:00.0;
TPE621963;CX;3274/14;TPE;VCP;2019-02-12 14:00;2019-02-13 12:55:00.0;2019-02-16 22:00:00.0;
TPE137673;CX;3274/14;TPE;MAO;2019-02-12 16:04;2019-02-13 12:55:00.0;2019-02-16 22:00:00.0;
TPE137658;CX;3274/14;TPE;VCP;2019-02-12 09:00;2019-02-13 12:55:00.0;2019-02-16 22:00:00.0;
TPE137663;CX;3274/14;TPE;MAO;2019-02-11 13:30;2019-02-13 12:55:00.0;2019-02-16 22:00:00.0;
TPE137668;CX;3274/14;TPE;MAO;2019-02-12 15:28;2019-02-13 12:55:00.0;2019-02-16 22:00:00.0;
TPE621951;CI;5156/13;TPE;GDL;2019-02-12 16:14;2019-02-13 07:00:00.0;2019-02-16 22:00:00.0;
MAD833258;SU;0206/16;MAD;PVG;2019-02-12 09:00;2019-02-13 00:10:00.0;2019-02-16 23:00:00.0;
MAD833268;SU;0206/16;MAD;PVG;2019-02-12 09:00;2019-02-13 00:10:00.0;2019-02-16 23:00:00.0;
MAD833263;SU;0206/16;MAD;PVG;2019-02-12 09:00;2019-02-13 00:10:00.0;2019-02-16 23:00:00.0;
BCN201305;QR;8960/16;BCN;PVG;2019-02-12 10:00;2019-02-14 12:55:00.0;2019-02-16 23:00:00.0;
MAD833269;SU;0206/16;MAD;PVG;2019-02-12 09:00;2019-02-13 00:10:00.0;2019-02-16 23:00:00.0;
BCN201314;QR;8960/16;BCN;PVG;2019-02-12 10:00;2019-02-14 12:55:00.0;2019-02-16 23:00:00.0;
SAO757907;AM;0015/15;GRU;MEX;2019-02-12 10:00;2019-02-15 09:30:00.0;2019-02-16 23:00:00.0;
GOT097481;O6;851/16;GOT;GRU;2019-02-12 10:00;2019-02-12 20:00:00.0;2019-02-16 23:10:00.0;
GOT097482;O6;851/16;GOT;GRU;2019-02-12 10:00;2019-02-12 20:00:00.0;2019-02-16 23:10:00.0;
PRG609221;O6;851/16;PRG;GRU;2019-02-12 13:00;2019-02-13 20:00:00.0;2019-02-16 23:10:00.0;
GOT097480;O6;851/16;GOT;GRU;2019-02-12 10:00;2019-02-12 20:00:00.0;2019-02-16 23:10:00.0;
NUE051608;QY;7334;NUE;BKK;2019-02-12 11:42;2019-02-13 20:30:00.0;2019-02-16 23:25:00.0;
VIE319995;CV;7645/15;VIE;VCP;2019-02-12 09:00;2019-02-15 13:40:00.0;2019-02-16 23:25:00.0;
WRO333993;CV;7645/15;WRO;VCP;2019-02-12 16:00;2019-02-13 18:00:00.0;2019-02-16 23:25:00.0;
NUE051763;QY;7334;NUE;BKK;2019-02-12 14:28;2019-02-13 20:30:00.0;2019-02-16 23:25:00.0;
MEX479329;L3;0902/16;MEX;SDQ;2019-02-12 05:00;2019-02-13 16:50:00.0;2019-02-16 23:30:00.0;
ICN607444;M3;846/16;ICN;VCP;2019-02-12 14:00;2019-02-14 22:00:00.0;2019-02-16 23:30:00.0;
DUS014265;LH;075;DUS;TLL;2019-02-12 14:00;2019-02-13 08:55:00.0;2019-02-16 23:59:00.0;
DUS014263;LH;075;DUS;TLL;2019-02-12 14:00;2019-02-13 08:55:00.0;2019-02-16 23:59:00.0;
NUE051771;QY;7334;NUE;ICN;2019-02-12 16:08;2019-02-13 20:30:00.0;2019-02-17 00:30:00.0;
NUE051636;QY;7334;NUE;ICN;2019-02-12 13:36;2019-02-13 20:30:00.0;2019-02-17 00:30:00.0;
NUE050888;EY;9164;HAM;PVG;2019-02-12 00:00;2019-02-13 20:00:00.0;2019-02-17 01:00:00.0;
NUE051615;QR;9357;HAM;DAC;2019-02-12 13:27;2019-02-13 20:00:00.0;2019-02-17 01:20:00.0;
MIL147995;QR;132;FCO;BLR;2019-02-13 08:00;2019-02-15 16:00:00.0;2019-02-17 02:00:00.0;
FKB014569;QR;8142;FKB;DOH;2019-02-12 16:30;2019-02-13 23:00:00.0;2019-02-17 02:05:00.0;
FKB014567;QR;8142;FKB;DOH;2019-02-12 16:31;2019-02-13 23:00:00.0;2019-02-17 02:05:00.0;
STR071948;LH;8476;STR;BLR;2019-02-12 08:00;2019-02-12 22:00:00.0;2019-02-17 02:25:00.0;
CPQ277479;M3;549/16;GRU;LIM;2019-02-12 10:00;2019-02-16 23:00:00.0;2019-02-17 03:00:00.0;
QGL348114;5X;356;QGL;MGA;2019-02-12 10:00;2019-02-12 16:00:00.0;2019-02-17 03:09:00.0;
QGL348145;5X;356;QGL;MGA;2019-02-12 10:00;2019-02-12 16:00:00.0;2019-02-17 03:09:00.0;
BSL127837;EY;074;BSL;PVG;2019-02-12 13:30;2019-02-14 18:30:00.0;2019-02-17 03:35:00.0;
LNZ728848;BA;119/16;LNZ;BLR;2019-02-12 14:00;2019-02-13 22:00:00.0;2019-02-17 04:40:00.0;
MIL148071;5C;943;MIL;TLV;2019-02-12 11:00;2019-02-16 20:00:00.0;2019-02-17 05:00:00.0;
MUC024842;CV;7946;MUC;SIN;2019-02-12 15:07;2019-02-12 19:00:00.0;2019-02-17 05:10:00.0;
STR072308;CV;7966;STR;TPE;2019-02-12 08:55;2019-02-14 23:00:00.0;2019-02-17 05:45:00.0;
MIL148080;AI;138;MIL;DEL;2019-02-13 15:00;2019-02-16 21:00:00.0;2019-02-17 08:25:00.0;
HEL706503;AY;131/16;HEL;SIN;2019-02-12 06:30;2019-02-16 18:30:00.0;2019-02-17 08:30:00.0;
ICN607505;AA;280/15;ICN;GRU;2019-02-12 16:17;2019-02-15 18:50:00.0;2019-02-17 09:35:00.0;
BTS607755;QR;9111/16;BTS;BLR;2019-02-12 08:00;2019-02-12 17:00:00.0;2019-02-17 10:00:00.0;
PRG609191;QR;1363/17;PRG;JNB;2019-02-12 13:09;2019-02-15 23:00:00.0;2019-02-17 10:05:00.0;
QGL348122;UA;135;ZRH;SCL;2019-02-12 10:00;2019-02-14 11:55:00.0;2019-02-17 10:20:00.0;
EIN108033;RU;654;AMS;HKG;2019-02-12 18:00;2019-02-16 10:40:00.0;2019-02-17 11:45:00.0;
EIN108032;RU;654;AMS;HKG;2019-02-12 18:00;2019-02-16 10:40:00.0;2019-02-17 11:45:00.0;
BLR878263;AF;412/17;BLR;GUA;2019-02-12 12:00;2019-02-15 01:30:00.0;2019-02-17 12:00:00.0;
LNZ728858;CV;8607/17;LNZ;MIA;2019-02-12 16:00;2019-02-15 23:00:00.0;2019-02-17 12:50:00.0;
SNN820026;QR;0850/17;DUB;PEN;2019-02-12 14:00;2019-02-14 12:00:00.0;2019-02-17 14:20:00.0;
ICN607511;KE;273/16;ICN;VCP;2019-02-12 14:00;2019-02-16 22:30:00.0;2019-02-17 14:30:00.0;
INN910035;LX;252/17;INN;TLV;2019-02-12 12:13;2019-02-15 23:59:00.0;2019-02-17 14:35:00.0;
SIN944026;UA;028;SIN;ATL;2019-02-12 13:07;2019-02-12 22:20:00.0;2019-02-17 16:00:00.0;
SIN944028;DL;166;SIN;ATL;2019-02-12 16:39;2019-02-14 06:45:00.0;2019-02-17 16:00:00.0;
MUC024866;LA;8071;MUC;JOI;2019-02-12 12:00;2019-02-12 20:00:00.0;2019-02-17 16:00:00.0;
EIN108040;SQ;7396;EIN;AKL;2019-02-12 15:00;2019-02-14 17:30:00.0;2019-02-17 16:15:00.0;
NUE051666;LH;484;NUE;PTY;2019-02-12 11:24;2019-02-12 20:30:00.0;2019-02-17 16:40:00.0;
QGL348157;DL;407;ZRH;JFK;2019-02-13 10:00;2019-02-17 13:20:00.0;2019-02-17 16:40:00.0;
BRE003048;RU;682;BRE;NRT;2019-02-12 15:43;2019-02-12 17:00:00.0;2019-02-17 16:55:00.0;
MUC024829;RU;682;MUC;NRT;2019-02-12 12:52;2019-02-12 20:00:00.0;2019-02-17 16:55:00.0;
MIL148105;TP;999;MIL;GRU;2019-02-13 08:00;2019-02-17 00:00:00.0;2019-02-17 17:30:00.0;
MIL148110;QT;9999;MIL;BOG;2019-02-13 08:00;2019-02-15 19:00:00.0;2019-02-17 17:57:00.0;
DUS014293;LH;422;DUS;BOS;2019-02-12 14:00;2019-02-12 16:00:00.0;2019-02-17 18:00:00.0;
SIN658765;AF;257;SIN;PNR;2019-02-12 17:46;2019-02-15 23:10:00.0;2019-02-17 18:45:00.0;
CAN550320;NH;8490/15;CAN;BKK;2019-02-12 10:00;2019-02-15 02:00:00.0;2019-02-17 20:00:00.0;
QGL348160;EK;086;ZRH;HYD;2019-02-12 10:00;2019-02-16 22:15:00.0;2019-02-17 20:20:00.0;
MHG007062;KE;530;FRA;KIX;2019-02-12 10:27;2019-02-16 17:35:00.0;2019-02-17 20:50:00.0;
STR072288;7L;033/17;STR;PVG;2019-02-12 08:55;2019-02-12 23:00:00.0;2019-02-17 21:00:00.0;
QGL347615;7L;033/17;LUX;PVG;2019-02-12 10:00;2019-02-14 19:00:00.0;2019-02-17 21:00:00.0;
QGL348101;7L;033/17;QGL;PVG;2019-02-12 10:00;2019-02-12 16:00:00.0;2019-02-17 21:00:00.0;
QGL348118;7L;033/17;LUX;PVG;2019-02-12 10:00;2019-02-12 19:00:00.0;2019-02-17 21:00:00.0;
FMO007748;7L;033/17;FRA;PVG;2019-02-12 13:36;2019-02-12 22:00:00.0;2019-02-17 21:00:00.0;
DUS014288;7L;033/17;DUS;PVG;2019-02-12 10:00;2019-02-12 19:30:00.0;2019-02-17 21:00:00.0;
STR072354;7L;033/17;STR;PVG;2019-02-12 08:25;2019-02-12 23:00:00.0;2019-02-17 21:00:00.0;
BER004837;CV;7986;TXL;PVG;2019-02-12 06:00;2019-02-14 20:00:00.0;2019-02-17 21:45:00.0;
QGL348165;LX;154;ZRH;BOM;2019-02-13 10:00;2019-02-17 09:45:00.0;2019-02-17 22:30:00.0;
PRG609151;HU;7207/17;PRG;PVG;2019-02-12 10:00;2019-02-13 22:00:00.0;2019-02-17 23:00:00.0;
BCN201328;IB;6585/17;BCN;BOG;2019-02-12 09:00;2019-02-15 23:00:00.0;2019-02-17 23:00:00.0;
INN910031;HU;7207/17;INN;PVG;2019-02-12 11:24;2019-02-13 22:00:00.0;2019-02-17 23:00:00.0;
BCN201308;IB;6585/17;BCN;BOG;2019-02-12 09:00;2019-02-15 23:00:00.0;2019-02-17 23:00:00.0;
ABZ660628;4W;2616/17;ABZ;PNR;2019-02-10 12:00;2019-02-14 17:00:00.0;2019-02-17 23:59:00.0;
LNZ728851;QR;620X/17;LNZ;LHE;2019-02-12 11:00;2019-02-13 23:00:00.0;2019-02-18 02:00:00.0;
MUC023918;RU;674;MUC;PVG;2019-02-12 11:49;2019-02-15 17:00:00.0;2019-02-18 02:05:00.0;
MST100675;RU;654;MST;PVG;2019-02-12 13:53;2019-02-12 18:00:00.0;2019-02-18 02:05:00.0;
MUC024831;RU;674;MUC;PVG;2019-02-12 11:49;2019-02-15 17:00:00.0;2019-02-18 02:05:00.0;
MUC024808;RU;674;MUC;PVG;2019-02-12 15:07;2019-02-15 17:00:00.0;2019-02-18 02:05:00.0;
BCN201228;5Y;604/17;BCN;MEX;2019-02-12 08:00;2019-02-14 21:00:00.0;2019-02-18 03:00:00.0;
HEL706506;5Y;604/17;HEL;MEX;2019-02-12 12:00;2019-02-14 16:00:00.0;2019-02-18 03:00:00.0;
HEL706507;5Y;604/17;HEL;MEX;2019-02-12 11:55;2019-02-14 16:00:00.0;2019-02-18 03:00:00.0;
QGL348140;QR;096;ZRH;CMB;2019-02-12 10:00;2019-02-16 16:00:00.0;2019-02-18 03:05:00.0;
MIL148093;EY;9921;MIL;BLR;2019-02-14 08:00;2019-02-14 19:00:00.0;2019-02-18 03:05:00.0;
MIL148048;CA;950;MIL;PEK;2019-02-12 15:00;2019-02-17 13:30:00.0;2019-02-18 06:00:00.0;
MIL148060;CA;950;MIL;PEK;2019-02-13 15:00;2019-02-17 13:30:00.0;2019-02-18 06:00:00.0;
MIL148083;CA;950;MIL;PEK;2019-02-13 16:00;2019-02-17 13:30:00.0;2019-02-18 06:00:00.0;
GOT097492;KL;0701/17;GOT;EZE;2019-02-12 10:00;2019-02-14 22:00:00.0;2019-02-18 06:45:00.0;
MST100674;5Y;604;MST;GDL;2019-02-12 10:23;2019-02-15 21:00:00.0;2019-02-18 07:10:00.0;
GOT097476;AY;085/17;GOT;BJS;2019-02-12 14:00;2019-02-15 20:00:00.0;2019-02-18 07:50:00.0;
STR072099;EY;9605;STR;PEK;2019-02-12 14:13;2019-02-12 22:00:00.0;2019-02-18 08:50:00.0;
NUE051635;EY;9605;DUS;PEK;2019-02-12 12:47;2019-02-12 19:30:00.0;2019-02-18 08:50:00.0;
NUE051645;EY;9605;FRA;PEK;2019-02-12 12:31;2019-02-15 21:00:00.0;2019-02-18 08:50:00.0;
NUE051754;EY;9605;NUE;PEK;2019-02-12 16:07;2019-02-13 20:30:00.0;2019-02-18 08:50:00.0;
MUC024706;EY;9605;MUC;PEK;2019-02-12 14:27;2019-02-16 21:40:00.0;2019-02-18 08:50:00.0;
MUC024762;EY;9605;MUC;PEK;2019-02-12 15:04;2019-02-13 20:00:00.0;2019-02-18 08:50:00.0;
QGL348143;UC;1505;QGL;SCL;2019-02-12 10:00;2019-02-15 15:30:00.0;2019-02-18 08:55:00.0;
QGL348125;QR;094;ZRH;HKG;2019-02-12 10:00;2019-02-14 08:35:00.0;2019-02-18 09:40:00.0;
SZX159247;OZ;284/13;SZX;MEX;2019-02-12 10:00;2019-02-13 10:00:00.0;2019-02-18 10:00:00.0;
GOT097494;AY;073/17;GOT;NRT;2019-02-12 08:00;2019-02-13 22:00:00.0;2019-02-18 10:00:00.0;
GOT097495;AY;073/17;GOT;NRT;2019-02-12 08:00;2019-02-13 22:00:00.0;2019-02-18 10:00:00.0;
ABZ660781;LH;0001/18;ABZ;BOG;2019-02-12 09:00;2019-02-15 12:00:00.0;2019-02-18 12:00:00.0;
23533653045;TK;6435;MST;MEX;2019-02-12 07:01;2019-02-14 09:00:00.0;2019-02-18 13:00:00.0;
MST100694;TK;6306;MST;MEX;2019-02-12 07:01;2019-02-14 09:00:00.0;2019-02-18 13:00:00.0;
QGL348144;QR;096;ZRH;HAN;2019-02-13 10:00;2019-02-16 16:00:00.0;2019-02-18 13:30:00.0;
MHG007074;EK;4341;FRA;BOM;2019-02-12 13:49;2019-02-15 20:00:00.0;2019-02-18 14:00:00.0;
QGL348126;KE;4444;ZRH;ICN;2019-02-12 10:00;2019-02-16 13:00:00.0;2019-02-18 15:25:00.0;
HCH637870;LA;505/18;LNZ;SCL;2019-02-12 09:43;2019-02-15 23:00:00.0;2019-02-18 16:00:00.0;
ABZ660768;VS;6584/18;LHR;DWC;2019-02-12 11:00;2019-02-17 22:30:00.0;2019-02-18 16:00:00.0;
QGL348117;CX;382;ZRH;PVG;2019-02-12 10:00;2019-02-17 13:30:00.0;2019-02-18 16:30:00.0;
GVA945989;CX;382;GVA;PVG;2019-02-12 15:00;2019-02-15 18:00:00.0;2019-02-18 16:30:00.0;
QGL348124;CX;382;ZRH;PVG;2019-02-12 10:00;2019-02-17 13:30:00.0;2019-02-18 16:30:00.0;
VIC383469;TP;999;MIL;GRU;2019-02-13 08:00;2019-02-18 00:00:00.0;2019-02-18 17:30:00.0;
LHR323618;AD;8751/18;LHR;VCP;2019-02-12 06:06;2019-02-16 17:00:00.0;2019-02-18 17:50:00.0;
LHR323553;AD;8751/18;LHR;VCP;2019-02-12 05:05;2019-02-16 17:00:00.0;2019-02-18 17:50:00.0;
GOT097415;7L;202/18;MMX;BAK;2019-02-12 10:00;2019-02-13 18:00:00.0;2019-02-18 18:00:00.0;
GOT097417;7L;202/18;MMX;BAK;2019-02-12 10:00;2019-02-13 18:00:00.0;2019-02-18 18:00:00.0;
GOT097460;7L;202/18;MMX;BAK;2019-02-12 10:00;2019-02-13 18:00:00.0;2019-02-18 18:00:00.0;
GOT097461;7L;202/18;MMX;BAK;2019-02-12 10:00;2019-02-13 18:00:00.0;2019-02-18 18:00:00.0;
GOT097459;7L;202/18;MMX;BAK;2019-02-12 10:00;2019-02-13 18:00:00.0;2019-02-18 18:00:00.0;
GOT097418;7L;202/18;MMX;BAK;2019-02-12 10:00;2019-02-13 18:00:00.0;2019-02-18 18:00:00.0;
GOT097419;7L;202/18;MMX;BAK;2019-02-12 10:00;2019-02-13 18:00:00.0;2019-02-18 18:00:00.0;
GOT097457;7L;202/18;MMX;BAK;2019-02-12 10:00;2019-02-13 18:00:00.0;2019-02-18 18:00:00.0;
GOT097458;7L;202/18;MMX;BAK;2019-02-12 10:00;2019-02-13 18:00:00.0;2019-02-18 18:00:00.0;
GOT097462;7L;202/18;MMX;BAK;2019-02-12 10:00;2019-02-13 18:00:00.0;2019-02-18 18:00:00.0;
CPQ277480;5Y;056/17;VCP;LIM;2019-02-12 12:00;2019-02-17 20:00:00.0;2019-02-18 20:00:00.0;
EIN108026;CX;3123;EIN;TPE;2019-02-12 13:00;2019-02-17 13:50:00.0;2019-02-18 20:15:00.0;
FDH004340;KE;906;STR;NGO;2019-02-12 14:28;2019-02-12 22:00:00.0;2019-02-18 20:50:00.0;
MIL148014;WY;145;MIL;MNL;2019-02-14 13:00;2019-02-16 22:40:00.0;2019-02-18 21:20:00.0;
STR072205;QR;8142;STR;KUL;2019-02-12 13:37;2019-02-12 23:00:00.0;2019-02-18 21:50:00.0;
NUE051694;QR;8142;NUE;CGK;2019-02-12 13:33;2019-02-13 18:00:00.0;2019-02-18 21:50:00.0;
STR072139;QR;8142;STR;CGK;2019-02-12 08:55;2019-02-12 23:40:00.0;2019-02-18 21:50:00.0;
NUE051640;QR;8142;NUE;KUL;2019-02-12 13:33;2019-02-13 18:00:00.0;2019-02-18 21:50:00.0;
NUE051580;QR;8142;NUE;KUL;2019-02-12 15:30;2019-02-12 18:00:00.0;2019-02-18 21:50:00.0;
STR072193;QR;8142;STR;CGK;2019-02-12 08:55;2019-02-12 23:00:00.0;2019-02-18 21:50:00.0;
NUE051681;QR;8142;NUE;KUL;2019-02-12 13:33;2019-02-13 18:00:00.0;2019-02-18 21:50:00.0;
BUH714824;TK;0090/18;OTP;ICN;2019-02-12 12:00;2019-02-14 10:00:00.0;2019-02-18 22:00:00.0;
PRG609235;EK;308/18;PRG;PEK;2019-02-12 07:00;2019-02-16 22:00:00.0;2019-02-18 22:30:00.0;
GOT097471;QY;0582/18;MMX;ICN;2019-02-12 10:00;2019-02-13 20:00:00.0;2019-02-18 22:30:00.0;
GOT097448;QY;0582/18;ARN;ICN;2019-02-12 10:00;2019-02-13 20:00:00.0;2019-02-18 22:30:00.0;
GOT097470;QY;0582/18;ARN;ICN;2019-02-12 10:00;2019-02-13 20:00:00.0;2019-02-18 22:30:00.0;
FMO007749;RU;718;FRA;PVG;2019-02-12 13:36;2019-02-17 19:20:00.0;2019-02-18 23:30:00.0;
FDH004343;RU;718;STR;PVG;2019-02-12 14:27;2019-02-13 22:00:00.0;2019-02-18 23:30:00.0;
NUE051204;RU;718;NUE;PVG;2019-02-12 09:08;2019-02-15 20:30:00.0;2019-02-18 23:30:00.0;
FDH004339;RU;718;STR;PVG;2019-02-12 14:27;2019-02-12 22:00:00.0;2019-02-18 23:30:00.0;
FRA042199;RU;718;FRA;PVG;2019-02-12 00:00;2019-02-17 19:20:00.0;2019-02-18 23:30:00.0;
PIL121020;CA;1030;JFK;PVG;2019-02-12 12:00;2019-02-17 08:30:00.0;2019-02-18 23:55:00.0;
NRT210993;KE;0655/18;NRT;BOM;2019-02-12 15:00;2019-02-14 14:00:00.0;2019-02-19 00:40:00.0;
HCH637875;BA;123/18;LNZ;DOH;2019-02-12 08:34;2019-02-15 22:00:00.0;2019-02-19 05:20:00.0;
HCH637879;CV;8501/19;LNZ;CAI;2019-02-12 14:12;2019-02-15 23:00:00.0;2019-02-19 05:35:00.0;
QGL348148;M6;873;QGL;SDQ;2019-02-12 10:00;2019-02-14 16:00:00.0;2019-02-19 07:50:00.0;
GRZ416313;LH;6560/18;GRZ;DUR;2019-02-12 17:07;2019-02-14 21:30:00.0;2019-02-19 08:00:00.0;
MAA560176;EK;0127/19;MAA;VIE;2019-02-12 17:53;2019-02-18 03:30:00.0;2019-02-19 09:00:00.0;
MIL148046;QR;8212;MIL;SIN;2019-02-14 08:00;2019-02-17 02:15:00.0;2019-02-19 09:15:00.0;
TPE137659;CX;3274/14;TPE;VCP;2019-02-12 10:00;2019-02-13 12:55:00.0;2019-02-19 10:00:00.0;
50106093500;ZP;4805/18;DWC;BSR;2019-02-12 10:00;2019-02-13 10:00:00.0;2019-02-19 10:00:00.0;
TPE137664;CX;3274/14;TPE;MAO;2019-02-12 15:40;2019-02-13 12:55:00.0;2019-02-19 10:00:00.0;
BOM339378;LH;8268/18;BOM;CWB;2019-02-12 10:00;2019-02-14 06:55:00.0;2019-02-19 10:30:00.0;
BOM339366;LH;8268/18;BOM;CWB;2019-02-12 10:00;2019-02-14 06:55:00.0;2019-02-19 10:30:00.0;
CWB528187;QR;0090/19;CWB;BLR;2019-02-12 15:00;2019-02-17 11:00:00.0;2019-02-19 11:00:00.0;
BRE003052;TG;921;BRE;MEL;2019-02-12 15:43;2019-02-12 18:00:00.0;2019-02-19 13:05:00.0;
WAW119682;LX;0252/19;LCJ;TLV;2019-02-12 12:00;2019-02-14 22:30:00.0;2019-02-19 14:35:00.0;
TPE137657;CX;3274/14;TPE;MAO;2019-02-12 07:00;2019-02-13 12:55:00.0;2019-02-19 16:00:00.0;
TPE137667;CX;3274/14;TPE;MAO;2019-02-12 16:33;2019-02-13 12:55:00.0;2019-02-19 16:00:00.0;
LHR323559;AA;8955/18;LHR;ORD;2019-02-12 12:30;2019-02-18 09:55:00.0;2019-02-19 16:00:00.0;
TPE137665;CX;3274/14;TPE;VCP;2019-02-12 07:00;2019-02-13 12:55:00.0;2019-02-19 16:00:00.0;
NUE051660;QR;8222;NUE;SGN;2019-02-12 13:33;2019-02-13 20:30:00.0;2019-02-19 17:45:00.0;
NUE051695;QR;8222;NUE;SGN;2019-02-12 13:33;2019-02-13 20:30:00.0;2019-02-19 17:45:00.0;
NUE051697;QR;8222;NUE;SGN;2019-02-12 13:33;2019-02-13 20:30:00.0;2019-02-19 17:45:00.0;
NUE051659;QR;8222;NUE;SGN;2019-02-12 13:33;2019-02-13 20:30:00.0;2019-02-19 17:45:00.0;
NUE051661;QR;8222;NUE;SGN;2019-02-12 13:33;2019-02-13 20:30:00.0;2019-02-19 17:45:00.0;
GOT097453;TK;6376/19;MMX;DWC;2019-02-12 10:00;2019-02-13 18:00:00.0;2019-02-19 18:00:00.0;
LIS074299;BA;3519/18;LIS;IAH;2019-02-12 11:00;2019-02-13 18:00:00.0;2019-02-19 19:10:00.0;
TPE137656;CX;3274/14;TPE;MAO;2019-02-12 14:00;2019-02-13 12:55:00.0;2019-02-19 20:00:00.0;
TPE137666;CX;3274/14;TPE;VCP;2019-02-12 16:30;2019-02-13 12:55:00.0;2019-02-19 20:00:00.0;
FKB014546;SQ;325;FKB;SYD;2019-02-12 13:56;2019-02-12 23:00:00.0;2019-02-19 20:45:00.0;
STR072378;CV;7981;STR;PVG;2019-02-12 13:46;2019-02-12 23:00:00.0;2019-02-19 21:45:00.0;
TPE137660;CX;3274/14;TPE;VCP;2019-02-12 15:32;2019-02-13 12:55:00.0;2019-02-19 22:00:00.0;
TPE137671;CX;3274/14;TPE;VCP;2019-02-12 15:30;2019-02-13 12:55:00.0;2019-02-19 22:00:00.0;
GOT097464;QY;0592/19;MMX;MSP;2019-02-12 10:00;2019-02-12 22:00:00.0;2019-02-19 22:44:00.0;
GOT097474;SK;953/19;MMX;VVI;2019-02-12 09:00;2019-02-14 18:00:00.0;2019-02-19 23:00:00.0;
QGL348115;EK;088;ZRH;PVG;2019-02-12 10:00;2019-02-16 14:40:00.0;2019-02-19 23:25:00.0;
QGL348116;EK;088;ZRH;PVG;2019-02-12 10:00;2019-02-16 14:40:00.0;2019-02-19 23:25:00.0;
NUE051693;7L;264;NUE;NKG;2019-02-12 11:23;2019-02-13 18:00:00.0;2019-02-20 04:30:00.0;
PRG609241;AI;302/19;PRG;SYD;2019-02-12 10:00;2019-02-15 22:00:00.0;2019-02-20 06:10:00.0;
PRG609125;AI;380/19;PRG;SIN;2019-02-12 07:00;2019-02-15 22:00:00.0;2019-02-20 07:30:00.0;
HCH637878;AI;380/19;LNZ;SIN;2019-02-12 13:55;2019-02-15 22:00:00.0;2019-02-20 07:30:00.0;
BRE003044;QT;703;BRE;MDE;2019-02-12 15:40;2019-02-12 20:00:00.0;2019-02-20 08:50:00.0;
PRG609179;IB;6833/19;PRG;SCL;2019-02-12 12:54;2019-02-15 23:00:00.0;2019-02-20 09:15:00.0;
QGL348138;UC;1505;QGL;SCL;2019-02-12 10:00;2019-02-15 15:30:00.0;2019-02-20 09:35:00.0;
SZX159146;OZ;284/13;SZX;GDL;2019-02-12 10:00;2019-02-13 10:00:00.0;2019-02-20 10:00:00.0;
BOM339380;EY;0001/15;BOM;STR;2019-02-12 10:30;2019-02-14 22:50:00.0;2019-02-20 10:30:00.0;
BOM339390;EY;0001/15;BOM;PRG;2019-02-12 10:30;2019-02-14 22:50:00.0;2019-02-20 10:30:00.0;
GOT097479;CV;7602/19;GOT;CWB;2019-02-12 10:00;2019-02-15 20:00:00.0;2019-02-20 11:10:00.0;
KIX678864;LH;717/13;KIX;WRO;2019-02-12 11:00;2019-02-13 08:00:00.0;2019-02-20 14:50:00.0;
FRA042056;CV;9422/19;FRA;NRT;2019-02-12 09:13;2019-02-15 22:00:00.0;2019-02-20 16:25:00.0;
MUC024678;7L;264;MUC;NKG;2019-02-12 10:00;2019-02-12 19:00:00.0;2019-02-21 00:00:00.0;
MUC024702;7L;264;MUC;NKG;2019-02-12 11:00;2019-02-12 19:00:00.0;2019-02-21 00:00:00.0;
NUE051748;RU;282;NUE;PEK;2019-02-12 16:07;2019-02-18 20:30:00.0;2019-02-21 02:00:00.0;
NUE051751;RU;282;NUE;PEK;2019-02-12 16:07;2019-02-13 20:30:00.0;2019-02-21 02:00:00.0;
BOM339374;QR;0263/15;BOM;WAW;2019-02-12 10:00;2019-02-14 05:55:00.0;2019-02-21 07:30:00.0;
TPE621929;CI;5398/15;TPE;GRU;2019-02-12 15:00;2019-02-15 04:00:00.0;2019-02-21 10:00:00.0;
NUE051692;EY;008;NUE;SIN;2019-02-12 14:07;2019-02-13 20:30:00.0;2019-02-21 10:05:00.0;
SYD433571;DL;2592/15;SYD;ATL;2019-02-12 15:00;2019-02-14 12:35:00.0;2019-02-21 12:00:00.0;
GOT097498;QY;1980/21;MMX;BOG;2019-02-12 14:00;2019-02-13 18:00:00.0;2019-02-21 23:00:00.0;
WRO333935;CA;772/18;WRO;SZX;2019-02-12 09:00;2019-02-15 18:00:00.0;2019-02-22 00:00:00.0;
ABZ660767;4W;2616/17;ABZ;SZA;2019-02-12 10:00;2019-02-14 14:00:00.0;2019-02-22 11:30:00.0;
MIL148090;LH;257;MIL;MEX;2019-02-18 08:00;2019-02-18 19:30:00.0;2019-02-22 18:00:00.0;
DEL174312;LH;0761/13;DEL;KRK;2019-02-12 17:00;2019-02-13 03:35:00.0;2019-02-23 18:00:00.0;
ABZ660773;4W;2616/17;BRU;CAB;2019-02-12 10:00;2019-02-15 22:00:00.0;2019-02-24 04:00:00.0;
ABZ660775;4W;2616/17;BRU;CAB;2019-02-12 13:08;2019-02-15 22:00:00.0;2019-02-24 04:00:00.0;
BOM339386;9W;232/19;BOM;LIL;2019-02-12 10:30;2019-02-18 15:35:00.0;2019-02-25 10:30:00.0;
BOM339387;9W;232/19;BOM;LIL;2019-02-12 10:30;2019-02-18 15:35:00.0;2019-02-25 10:30:00.0;
BOM339388;9W;232/19;BOM;LIL;2019-02-12 10:30;2019-02-18 15:35:00.0;2019-02-25 10:30:00.0;
ABZ660760;CA;001/01;LHR;EZE;2019-02-12 11:00;2019-02-23 12:00:00.0;2019-02-25 12:00:00.0;